-- phpMyAdmin SQL Dump
-- version 4.8.5
-- https://www.phpmyadmin.net/
--
-- Hôte : 127.0.0.1:3306
-- Généré le :  jeu. 04 août 2022 à 14:55
-- Version du serveur :  5.7.26
-- Version de PHP :  7.2.18

SET SQL_MODE = "NO_AUTO_VALUE_ON_ZERO";
SET AUTOCOMMIT = 0;
START TRANSACTION;
SET time_zone = "+00:00";


/*!40101 SET @OLD_CHARACTER_SET_CLIENT=@@CHARACTER_SET_CLIENT */;
/*!40101 SET @OLD_CHARACTER_SET_RESULTS=@@CHARACTER_SET_RESULTS */;
/*!40101 SET @OLD_COLLATION_CONNECTION=@@COLLATION_CONNECTION */;
/*!40101 SET NAMES utf8mb4 */;

--
-- Base de données :  `c2ouf`
--

-- --------------------------------------------------------

--
-- Structure de la table `attributes`
--

DROP TABLE IF EXISTS `attributes`;
CREATE TABLE IF NOT EXISTS `attributes` (
  `id` bigint(20) NOT NULL,
  `iso_code` varchar(255) DEFAULT NULL,
  `name` varchar(255) DEFAULT NULL,
  `attribute_group_id` bigint(20) DEFAULT NULL,
  `product_id` bigint(20) DEFAULT NULL,
  PRIMARY KEY (`id`),
  KEY `FKl7032i7r922q6143cwcudyuri` (`attribute_group_id`),
  KEY `FKgff569pnkqu8xxhcwcrknurx2` (`product_id`)
) ENGINE=InnoDB DEFAULT CHARSET=utf8;

-- --------------------------------------------------------

--
-- Structure de la table `attribute_group`
--

DROP TABLE IF EXISTS `attribute_group`;
CREATE TABLE IF NOT EXISTS `attribute_group` (
  `id` bigint(20) NOT NULL,
  `iso_code` varchar(255) DEFAULT NULL,
  `name` varchar(255) DEFAULT NULL,
  PRIMARY KEY (`id`)
) ENGINE=InnoDB DEFAULT CHARSET=utf8;

--
-- Déchargement des données de la table `attribute_group`
--

INSERT INTO `attribute_group` (`id`, `iso_code`, `name`) VALUES
(147, 'fr', 'Animal '),
(148, 'fr', 'Quantité'),
(149, 'fr', 'Capacité'),
(150, 'fr', 'Couleur'),
(151, 'fr', 'Design'),
(152, 'fr', 'Lot de 4 saucisses'),
(153, 'fr', 'Mesure'),
(154, 'fr', 'Modèle'),
(155, 'fr', 'Niveau nicotine'),
(156, 'fr', 'Nombre de jetons'),
(157, 'fr', 'Personnage'),
(158, 'fr', 'Poids'),
(159, 'fr', 'Goût'),
(160, 'fr', 'Choisissez votre jambon pour votre pack'),
(161, 'fr', 'Choisissez votre option'),
(162, 'fr', 'Taille '),
(163, 'fr', 'Taille des chaussures'),
(164, 'fr', 'Dimensions'),
(165, 'fr', 'Sexe'),
(166, 'fr', 'Cadeaux'),
(168, 'fr', 'Prueba1'),
(174, 'fr', 'Contenance'),
(176, 'fr', 'Référence et couleur'),
(178, 'fr', 'Message'),
(179, 'fr', 'Style'),
(180, 'fr', 'Correction'),
(197, 'fr', 'Long'),
(198, 'fr', 'Vaste'),
(208, 'fr', 'Arôme'),
(209, 'fr', 'Puissance');

-- --------------------------------------------------------

--
-- Structure de la table `carriers`
--

DROP TABLE IF EXISTS `carriers`;
CREATE TABLE IF NOT EXISTS `carriers` (
  `id` bigint(20) NOT NULL,
  `name` varchar(255) DEFAULT NULL,
  `orders_id` bigint(20) DEFAULT NULL,
  PRIMARY KEY (`id`),
  KEY `FK3c1gnen1wu42nj0560nki1rcc` (`orders_id`)
) ENGINE=InnoDB DEFAULT CHARSET=utf8;

--
-- Déchargement des données de la table `carriers`
--

INSERT INTO `carriers` (`id`, `name`, `orders_id`) VALUES
(1, 'Chrono', NULL),
(2, 'Correos', NULL),
(3, 'GLS', NULL),
(4, 'SEUR', NULL),
(6, 'TNT', NULL),
(10, 'DHL', NULL),
(11, 'UPS', NULL),
(12, 'DACHSER', NULL),
(13, 'Correos International', NULL),
(14, 'Pallet Delivery', NULL),
(18, 'DHL Freight', NULL),
(26, 'Postal Service', NULL),
(29, 'Chronopost', NULL);

-- --------------------------------------------------------

--
-- Structure de la table `category`
--

DROP TABLE IF EXISTS `category`;
CREATE TABLE IF NOT EXISTS `category` (
  `id` bigint(20) NOT NULL,
  `date_add` datetime DEFAULT NULL,
  `date_upd` datetime DEFAULT NULL,
  `name` varchar(255) DEFAULT NULL,
  `url` varchar(255) DEFAULT NULL,
  PRIMARY KEY (`id`)
) ENGINE=InnoDB DEFAULT CHARSET=utf8;

--
-- Déchargement des données de la table `category`
--

INSERT INTO `category` (`id`, `date_add`, `date_upd`, `name`, `url`) VALUES
(2399, '2016-05-13 09:48:26', '2022-08-03 08:13:06', 'Maison | Jardin', 'maison-jardin'),
(2400, '2016-05-13 09:52:49', '2022-08-03 08:13:06', 'Décoration et Éclairage', 'decoration-et-eclairage'),
(2401, '2016-05-13 09:53:55', '2022-07-27 18:03:08', 'Tableaux et affiches', 'tableaux-et-affiches'),
(2402, '2016-05-13 09:56:39', '2022-07-28 17:59:37', 'Cadres de photos et porte-photos', 'cadres-de-photos-et-porte-photos'),
(2403, '2016-05-13 09:58:54', '2022-08-03 06:30:10', 'Cuisine | Gourmet', 'cuisine-gourmet'),
(2404, '2016-05-13 09:59:25', '2022-08-02 07:17:08', 'Horloges murales et de table', 'horloges-murales-et-de-table'),
(2405, '2016-05-13 09:59:50', '2022-08-03 06:00:10', 'Petit Électroménager', 'petit-electromenager'),
(2406, '2016-05-13 10:01:00', '2022-08-02 07:12:03', 'Batteurs', 'batteurs'),
(2407, '2016-05-13 10:01:23', '2022-08-01 12:38:04', 'Pétrisseurs', 'petrisseurs'),
(2408, '2016-05-13 10:01:45', '2022-07-29 06:10:12', 'Briquets, étuis à cigarettes et cendriers', 'briquets-etuis-a-cigarettes-et-cendriers'),
(2409, '2016-05-13 10:01:45', '2022-08-02 06:33:10', 'Mixeurs', 'mixeurs'),
(2410, '2016-05-13 10:02:49', '2022-08-02 06:11:24', 'Centrifugeuses', 'centrifugeuses'),
(2412, '2016-05-13 10:03:27', '2022-08-01 13:14:09', 'Hacheurs', 'hacheurs'),
(2413, '2016-05-13 10:03:36', '2022-08-02 13:19:07', 'Oreillers et coussins', 'oreillers-et-coussins'),
(2414, '2016-05-13 10:05:06', '2022-08-02 06:13:04', 'Tapis et couvertures', 'tapis-et-couvertures'),
(2415, '2016-05-13 10:05:07', '2022-07-29 06:09:09', 'Friteuses', 'friteuses'),
(2416, '2016-05-13 10:05:29', '2022-08-02 07:14:12', 'Grille-pains', 'grille-pains'),
(2417, '2016-05-13 10:05:50', '2022-08-03 05:38:14', 'Cafetières', 'cafetieres'),
(2419, '2016-05-13 10:07:15', '2022-08-03 06:59:05', 'Autres articles de décoration', 'autres-articles-de-decoration'),
(2420, '2016-05-13 10:07:48', '2022-07-21 18:45:16', 'Lampe solaire', 'lampe-solaire'),
(2421, '2016-05-13 10:08:23', '2022-08-02 12:12:09', 'Éclairage LED', 'eclairage-led'),
(2424, '2016-05-13 10:10:08', '2022-08-02 12:32:22', 'Salle de Bain', 'salle-de-bain'),
(2425, '2016-05-13 10:10:31', '2022-02-28 13:19:17', 'Micro-ondes et fours', 'micro-ondes-et-fours'),
(2427, '2016-05-13 10:10:56', '2022-08-02 09:11:18', 'Rideaux et tapis', 'rideaux-et-tapis'),
(2428, '2016-05-13 10:11:21', '2022-07-28 19:51:19', 'Robots de cuisine', 'robots-de-cuisine'),
(2429, '2016-05-13 10:11:30', '2022-08-02 12:32:22', 'Accessoires et robinets', 'accessoires-et-robinets'),
(2430, '2016-05-13 10:11:41', '2022-08-01 13:14:08', 'Bouilloires', 'bouilloires'),
(2431, '2016-05-13 10:11:51', '2022-07-28 19:52:10', 'Balances', 'balances'),
(2432, '2016-05-13 10:11:59', '2022-07-13 09:34:03', 'Appareils à sandwichs', 'appareils-a-sandwichs'),
(2433, '2016-05-13 10:12:23', '2022-08-03 05:27:24', 'Plaques de cuisson', 'plaques-de-cuisson'),
(2434, '2016-05-13 10:12:54', '2022-08-02 06:33:04', 'Planches et grils', 'planches-et-grils'),
(2435, '2016-05-13 10:13:12', '2022-08-02 12:18:06', 'Jardin et Terrasse', 'jardin-et-terrasse'),
(2436, '2016-05-13 10:13:17', '2022-07-19 08:23:10', 'Fontaines et Fondues', 'fontaines-et-fondues'),
(2437, '2016-05-13 10:13:38', '2022-07-08 06:13:03', 'Cuiseurs de riz', 'cuiseurs-de-riz'),
(2438, '2016-05-13 10:13:45', '2022-08-02 12:18:06', 'Barbecues et accessoires', 'barbecues-et-accessoires'),
(2439, '2016-05-13 10:14:11', '2022-08-02 06:23:04', 'Balances de cuisine', 'balances-de-cuisine'),
(2440, '2016-05-13 10:14:36', '2022-08-02 09:10:25', 'Mobilier d´extérieur', 'mobilier-d-exterieur'),
(2441, '2016-05-13 10:15:11', '2022-07-29 06:03:06', 'Répulsifs', 'repulsifs'),
(2442, '2016-05-13 10:15:28', '2022-08-02 12:12:09', 'Autres appareils de cuisines', 'autres-appareils-de-cuisines'),
(2443, '2016-05-13 10:15:31', '2022-08-01 12:04:05', 'Animaux de Compagnie', 'animaux-de-compagnie'),
(2444, '2016-05-13 10:16:02', '2022-08-01 12:02:03', 'Santé et hygiène', 'sante-et-hygiene'),
(2445, '2016-05-13 10:16:26', '2022-08-01 09:34:17', 'Voyages et promenades', 'voyages-et-promenades'),
(2446, '2016-05-13 10:16:54', '2022-08-01 10:55:18', 'Lits et matelas', 'lits-et-matelas'),
(2447, '2016-05-13 10:20:03', '2022-08-01 11:56:11', 'Abreuvoirs et gamelles', 'abreuvoirs-et-gamelles'),
(2448, '2016-05-13 10:20:27', '2022-08-01 12:04:05', 'Jouets', 'jouets'),
(2449, '2016-05-13 10:21:36', '2022-08-02 11:01:05', 'Ustensile', 'ustensile'),
(2450, '2016-05-13 10:25:01', '2022-08-03 06:02:17', 'Climatisation et Chauffage', 'climatisation-et-chauffage'),
(2451, '2016-05-13 10:25:30', '2022-08-02 08:35:17', 'Climatiseurs et ventilateurs', 'climatiseurs-et-ventilateurs'),
(2452, '2016-05-13 10:26:26', '2022-08-03 06:02:17', 'Radiateurs et poêles', 'radiateurs-et-poeles'),
(2453, '2016-05-13 10:27:00', '2022-08-02 06:12:51', 'Humidificateurs', 'humidificateurs'),
(2454, '2016-05-13 10:28:18', '2022-08-03 06:13:05', 'Nettoyage, Aspirateur et Repassage', 'nettoyage-aspirateur-et-repassage'),
(2455, '2016-05-13 10:28:20', '2022-07-27 18:26:12', 'Couteaux et aiguiseurs', 'couteaux-et-aiguiseurs'),
(2456, '2016-05-13 10:28:52', '2022-08-02 06:04:23', 'Boîtes déjeuner, récipients alimentaires et saladiers', 'boites-dejeuner-recipients-alimentaires-et-saladiers'),
(2457, '2016-05-13 10:29:05', '2022-07-28 11:01:08', 'Nettoyage à la vapeur', 'nettoyage-a-la-vapeur'),
(2458, '2016-05-13 10:29:13', '2022-08-02 11:01:05', 'Poêles et casseroles', 'poeles-et-casseroles'),
(2459, '2016-05-13 10:29:40', '2022-08-02 06:14:00', 'Balais et serpillères', 'balais-et-serpilleres'),
(2460, '2016-05-13 10:29:49', '2022-07-26 15:13:19', 'Batteries de cuisine', 'batteries-de-cuisine'),
(2461, '2016-05-13 10:30:09', '2022-08-01 12:38:06', 'Aspirateurs et robots', 'aspirateurs-et-robots'),
(2462, '2016-05-13 10:30:22', '2022-08-02 06:54:08', 'Verres et carafes', 'verres-et-carafes'),
(2463, '2016-05-13 10:30:44', '2022-08-03 06:13:05', 'Sèche-linge, fers à repasser, séchoirs', 'seche-linge-fers-a-repasser-sechoirs'),
(2464, '2016-05-13 10:31:04', '2022-07-30 06:10:09', 'Tasses et thermos', 'tasses-et-thermos'),
(2466, '2016-05-13 10:34:29', '2022-07-27 10:50:14', 'Machine à coudre', 'machine-a-coudre'),
(2467, '2016-05-13 10:35:29', '2022-08-02 13:21:07', 'Ustensiles et accessoires de cuisine', 'ustensiles-et-accessoires-de-cuisine'),
(2468, '2016-05-13 10:35:36', '2022-08-02 09:22:12', 'Bricolage et Matériel', 'bricolage-et-materiel'),
(2469, '2016-05-13 10:36:08', '2022-07-26 14:25:07', 'Linge de cuisine', 'linge-de-cuisine'),
(2470, '2016-05-13 10:36:46', '2022-08-02 06:09:17', 'Pâtisserie', 'patisserie'),
(2471, '2016-05-13 10:37:08', '2022-08-03 06:12:09', 'Sécurité à la maison', 'securite-a-la-maison'),
(2474, '2016-05-13 10:45:03', '2022-08-02 06:05:05', 'Décoration, accessoires et moules', 'decoration-accessoires-et-moules'),
(2475, '2016-05-13 10:45:33', '2021-11-23 07:20:20', 'Fontaines et fondues', 'fontaines-et-fondues'),
(2477, '2016-05-13 10:46:24', '2022-07-28 17:25:17', 'Machines à glaces et yaourts', 'machines-a-glaces-et-yaourts'),
(2479, '2016-05-13 10:46:47', '2022-08-02 06:09:18', 'Crêpières et gaufriers', 'crepieres-et-gaufriers'),
(2480, '2016-05-13 10:47:14', '2022-08-02 12:13:03', 'Gourmet', 'gourmet'),
(2482, '2016-05-13 10:47:57', '2016-09-30 11:45:27', 'Oranges et mandarines', 'oranges-mandarines'),
(2485, '2016-05-13 10:48:37', '2022-07-25 10:14:13', 'Jambons et jambonniers', 'jambons-et-jambonniers'),
(2487, '2016-05-13 10:49:08', '2022-08-02 12:17:14', 'Oenologie', 'oenologie'),
(2488, '2016-05-13 10:49:27', '2022-08-03 06:09:07', 'Déguisements', 'deguisements'),
(2489, '2016-05-13 10:50:16', '2022-07-27 18:21:07', 'Liqueurs et Accessoires', 'liqueurs-et-accessoires'),
(2491, '2016-05-13 10:51:03', '2022-08-03 08:28:08', 'Sports | Loisirs', 'sports-loisirs'),
(2492, '2016-05-13 10:52:02', '2022-08-02 07:21:15', 'Fitness et Appareils de Musculation', 'fitness-et-appareils-de-musculation'),
(2493, '2016-05-13 10:53:26', '2022-07-28 19:04:14', 'Ceintures Vibrantes et Électrostimulateurs', 'ceintures-vibrantes-et-electrostimulateurs'),
(2496, '2016-05-13 10:56:04', '2022-05-27 11:44:05', 'Activités de Plein Air', 'activites-de-plein-air'),
(2501, '2016-05-13 11:03:59', '2022-08-03 08:28:10', 'Santé | Beauté', 'sante-beaute'),
(2502, '2016-05-13 11:05:06', '2022-08-03 08:28:10', 'Détente et Bien-être', 'detente-et-bien-etre'),
(2503, '2016-05-13 11:05:53', '2022-07-27 11:06:13', 'Coussins et oreillers', 'coussins-et-oreillers'),
(2504, '2016-05-13 11:06:16', '2022-08-03 06:04:27', 'Masseurs', 'masseurs'),
(2505, '2016-05-13 11:07:17', '2022-07-27 11:03:08', 'Chaussures, chaussettes et semelles', 'chaussures-chaussettes-et-semelles'),
(2506, '2016-05-13 11:07:46', '2022-08-02 07:15:12', 'Produits de détente', 'produits-de-detente'),
(2507, '2016-05-13 11:13:08', '2022-08-03 08:28:11', 'Parfum | Cosmétique', 'parfum-cosmetique'),
(2508, '2016-05-13 11:13:28', '2022-08-03 06:10:14', 'Parfums', 'parfums'),
(2509, '2016-05-13 11:14:00', '2022-08-03 06:10:14', 'Parfums pour homme', 'parfums-pour-homme'),
(2510, '2016-05-13 11:14:16', '2022-08-03 06:09:09', 'Parfums pour femme', 'parfums-pour-femme'),
(2511, '2016-05-13 11:14:32', '2022-08-02 06:03:05', 'Parfums unisexes', 'parfums-unisexes'),
(2514, '2016-05-13 11:16:14', '2022-08-03 06:04:21', 'Produits après rasage et lotions', 'produits-apres-rasage-et-lotions'),
(2518, '2016-05-13 11:17:28', '2022-07-28 19:05:20', 'Tensiomètres et thermomètres', 'tensiometres-et-thermometres'),
(2519, '2016-05-13 11:17:51', '2022-07-27 11:05:11', 'Chauffes-mains', 'chauffes-mains'),
(2520, '2016-05-13 11:18:31', '2022-08-03 06:13:06', 'Coiffure', 'coiffure'),
(2523, '2016-05-13 11:19:01', '2022-08-03 06:10:05', 'Shampooings', 'shampooings'),
(2525, '2016-05-13 11:19:42', '2022-08-03 06:09:10', 'Adoucisseurs et conditionneurs', 'adoucisseurs-et-conditionneurs'),
(2526, '2016-05-13 11:20:05', '2022-08-03 06:10:15', 'Masques et traitements capillaires', 'masques-et-traitements-capillaires'),
(2527, '2016-05-13 11:20:13', '2022-08-03 06:09:08', 'Soin du Visage', 'soin-du-visage'),
(2528, '2016-05-13 11:20:28', '2022-08-02 06:03:05', 'Mousses et produits fixants', 'mousses-et-produits-fixants'),
(2530, '2016-05-13 11:20:54', '2022-08-03 06:13:06', 'Sèche-cheveux', 'seche-cheveux'),
(2531, '2016-05-13 11:21:02', '2022-08-03 06:09:08', 'Crèmes anti-rides et hydratantes', 'cremes-anti-rides-et-hydratantes'),
(2532, '2016-05-13 11:21:20', '2022-08-03 06:05:07', 'Lisseurs pour cheveux', 'lisseurs-pour-cheveux'),
(2533, '2016-05-13 11:21:24', '2022-08-02 12:16:08', 'Contours des yeux', 'contours-des-yeux'),
(2534, '2016-05-13 11:21:39', '2022-08-03 06:05:06', 'Sérums', 'serums'),
(2535, '2016-05-13 11:21:48', '2022-08-01 12:38:04', 'Peignes et brosses', 'peignes-et-brosses'),
(2536, '2016-05-13 11:22:01', '2022-08-03 06:05:13', 'Nettoyants et exfoliants', 'nettoyants-et-exfoliants'),
(2537, '2016-05-13 11:22:15', '2022-08-03 06:06:11', 'Masques Faciaux', 'masques-faciaux'),
(2538, '2016-05-13 11:22:32', '2022-08-01 13:15:09', 'Démaquillants', 'demaquillants'),
(2539, '2016-05-13 11:22:55', '2022-08-02 06:03:10', 'Toniques et laits nettoyants', 'toniques-et-laits-nettoyants'),
(2540, '2016-05-13 11:23:24', '2022-08-02 09:01:19', 'Esthétique et Traitements Corporels', 'esthetique-et-traitements-corporels'),
(2544, '2016-05-13 11:24:29', '2022-08-01 06:01:07', 'Épilation et rasage', 'epilation-et-rasage'),
(2546, '2016-05-13 11:24:50', '2022-07-30 06:03:07', 'Manucure et pédicure', 'manucure-et-pedicure'),
(2547, '2016-05-13 11:24:58', '2022-08-03 08:28:11', 'Soin Corporel', 'soin-corporel'),
(2548, '2016-05-13 11:25:12', '2022-08-02 09:01:19', 'Soins anti-cellulite', 'soins-anti-cellulite'),
(2549, '2016-05-13 11:25:13', '2022-08-03 08:28:11', 'Savons et gels', 'savons-et-gels'),
(2550, '2016-05-13 11:25:29', '2022-07-30 06:13:05', 'Déodorants', 'deodorants'),
(2551, '2016-05-13 11:25:57', '2022-08-02 12:17:07', 'Crèmes et lait pour le corps', 'cremes-et-lait-pour-le-corps'),
(2552, '2016-05-13 11:26:01', '2022-08-03 06:05:13', 'Gamme Solaire', 'gamme-solaire'),
(2553, '2016-05-13 11:26:31', '2022-07-23 06:07:06', 'Crèmes anticellulite et raffermissant', 'cremes-anticellulite-et-raffermissant'),
(2554, '2016-05-13 11:26:32', '2022-07-30 06:12:07', 'Crèmes protectrices visage', 'cremes-protectrices-visage'),
(2555, '2016-05-13 11:26:49', '2022-08-03 08:28:11', 'Cosmétiques', 'cosmetiques'),
(2556, '2016-05-13 11:27:04', '2022-08-03 06:05:05', 'Crèmes protectrices corps', 'cremes-protectrices-corps'),
(2557, '2016-05-13 11:27:09', '2022-08-02 09:03:29', 'Maquillages et correcteurs', 'maquillages-et-correcteurs'),
(2558, '2016-05-13 11:27:28', '2022-08-02 09:01:54', 'Poudres compactes', 'poudres-compactes'),
(2559, '2016-05-13 11:27:34', '2022-07-20 13:07:12', 'Huiles solaires', 'huiles-solaires'),
(2560, '2016-05-13 11:27:47', '2022-08-02 09:02:25', 'Fards à joues', 'fards-a-joues'),
(2561, '2016-05-13 11:27:55', '2022-07-21 07:20:06', 'Produits bronzants', 'produits-bronzants'),
(2562, '2016-05-13 11:28:06', '2022-08-02 09:01:10', 'Fards à paupières', 'fards-a-paupieres'),
(2563, '2016-05-13 11:28:39', '2022-07-29 06:03:10', 'Autobronzants', 'autobronzants'),
(2564, '2016-05-13 11:28:39', '2022-08-02 09:00:35', 'Mascara', 'mascara'),
(2565, '2016-05-13 11:29:02', '2022-07-22 06:05:08', 'Activateurs de bronzage', 'activateurs-de-bronzage'),
(2566, '2016-05-13 11:29:07', '2022-08-03 06:10:06', 'Eyeliners et crayons pour yeux', 'eyeliners-et-crayons-pour-yeux'),
(2568, '2016-05-13 11:29:32', '2022-07-29 06:05:05', 'Crèmes après-soleil', 'cremes-apres-soleil'),
(2569, '2016-05-13 11:29:47', '2022-08-03 08:28:11', 'Rouges à lèvres et gloss', 'rouges-a-levres-et-gloss'),
(2570, '2016-05-13 11:30:20', '2022-08-03 06:45:16', 'Mode | Accessoires', 'mode-accessoires'),
(2571, '2016-05-13 11:30:39', '2022-08-03 06:14:09', 'Jouets | Déguisements', 'jouets-deguisements'),
(2572, '2016-05-13 11:31:04', '2022-08-03 06:05:09', 'Jouets et Jeux', 'jouets-et-jeux'),
(2573, '2016-05-13 11:31:17', '2022-08-02 12:28:16', 'Vêtements et Chaussures', 'vetements-et-chaussures'),
(2574, '2016-05-13 11:31:28', '2022-08-02 06:08:05', 'Jouets pour bébés', 'jouets-pour-bebes'),
(2575, '2016-05-13 11:31:43', '2022-07-27 18:07:26', 'Sous-vêtements', 'sous-vetements'),
(2576, '2016-05-13 11:31:54', '2022-07-30 06:05:09', 'Jeux de société pour enfants', 'jeux-de-societe-pour-enfants'),
(2577, '2016-05-13 11:32:12', '2022-07-29 05:41:02', 'Pyjamas et couvertures avec manches', 'pyjamas-et-couvertures-avec-manches'),
(2578, '2016-05-13 11:32:14', '2022-08-03 06:05:08', 'Jeux éducatifs', 'jeux-educatifs'),
(2579, '2016-05-13 11:32:43', '2022-08-02 06:06:09', 'Puzzles et constructions', 'puzzles-et-constructions'),
(2580, '2016-05-13 11:32:50', '2022-07-05 11:09:10', 'Autres vêtements', 'autres-vetements'),
(2581, '2016-05-13 11:33:07', '2022-08-03 06:05:09', 'Poupées et peluches', 'poupees-et-peluches'),
(2582, '2016-05-13 11:33:10', '2022-08-02 09:20:05', 'Autres accessoires pour les chaussures', 'autres-accessoires-pour-les-chaussures'),
(2583, '2016-05-13 11:33:30', '2022-08-03 06:05:08', 'Jeux d#imitation', 'jeux-d-imitation'),
(2584, '2016-05-13 11:33:35', '2022-07-29 06:11:13', 'Accessoires', 'accessoires'),
(2585, '2016-05-13 11:33:52', '2022-07-30 06:10:07', 'Jouer à l#extérieur', 'jouer-a-l-exterieur'),
(2586, '2016-05-13 11:34:13', '2022-08-02 07:07:15', 'Lunettes de soleil', 'lunettes-de-soleil'),
(2587, '2016-05-13 11:34:22', '2022-08-02 06:07:07', 'Voitures, circuits et commande radio', 'voitures-circuits-et-commande-radio'),
(2588, '2016-05-13 11:34:34', '2022-07-27 18:20:10', 'Sacs à main et porte-monnaies', 'sacs-a-main-et-porte-monnaies'),
(2589, '2016-05-13 11:34:42', '2022-08-02 06:07:07', 'Trotinettes et tricycles', 'trotinettes-et-tricycles'),
(2590, '2016-05-13 11:34:51', '2022-07-29 06:11:13', 'Parapluies', 'parapluies'),
(2591, '2016-05-13 11:35:13', '2022-07-27 18:19:08', 'Bonnets et écharpes', 'bonnets-et-echarpes'),
(2593, '2016-05-13 11:35:14', '2022-08-02 12:27:48', 'Bébés et Enfants', 'bebes-et-enfants'),
(2594, '2016-05-13 11:35:31', '2022-08-02 07:48:15', 'Allaitement', 'allaitement'),
(2595, '2016-05-13 11:35:40', '2022-07-27 18:07:08', 'Perles de Verre', 'perles-de-verre'),
(2596, '2016-05-13 11:35:50', '2022-07-27 11:05:12', 'Accessoires pour enfants', 'accessoires-pour-enfants'),
(2597, '2016-05-13 11:36:09', '2022-07-29 12:16:08', 'Heure du bain', 'heure-du-bain'),
(2598, '2016-05-13 11:36:12', '2022-07-29 09:51:14', 'Bijoux', 'bijoux'),
(2599, '2016-05-13 11:36:31', '2022-08-01 10:11:11', 'Heure du coucher', 'heure-du-coucher'),
(2600, '2016-05-13 11:36:35', '2022-07-29 09:51:14', 'Bagues', 'bagues'),
(2601, '2016-05-13 11:37:01', '2022-06-27 11:12:03', 'Détente et distraction', 'detente-et-distraction'),
(2602, '2016-05-13 11:37:08', '2022-07-27 18:07:18', 'Bracelets', 'bracelets'),
(2603, '2016-05-13 11:37:22', '2022-08-02 12:17:06', 'Santé et sécurité', 'sante-et-securite'),
(2604, '2016-05-13 11:37:25', '2022-07-28 12:31:03', 'Colliers', 'colliers'),
(2605, '2016-05-13 11:37:43', '2022-07-27 18:11:14', 'Balades et voyages', 'balades-et-voyages'),
(2606, '2016-05-13 11:37:46', '2022-05-19 13:53:07', 'Autres accessoires', 'autres-accessoires'),
(2607, '2016-05-13 11:38:06', '2022-07-27 15:11:56', 'Parapluies et casquettes', 'parapluies-et-casquettes'),
(2609, '2016-05-13 11:38:43', '2022-08-03 09:16:17', 'Informatique | Électronique', 'informatique-electronique'),
(2610, '2016-05-13 11:38:47', '2022-07-27 18:02:11', 'Décorations pour enfants', 'decorations-pour-enfants'),
(2611, '2016-05-13 11:39:13', '2022-08-03 06:14:09', 'Matériel Scolaire', 'materiel-scolaire'),
(2613, '2016-05-13 11:40:01', '2022-08-03 06:14:09', 'Sacs à dos scolaires', 'sacs-a-dos-scolaires'),
(2614, '2016-05-13 11:40:20', '2022-07-28 18:42:51', 'Appareils photo sport', 'appareils-photo-sport'),
(2615, '2016-05-13 11:40:49', '2022-07-29 07:38:03', 'Étuis et trousses', 'etuis-et-trousses'),
(2616, '2016-05-13 11:41:22', '2022-08-02 06:07:08', 'Autres fournitures scolaires', 'autres-fournitures-scolaires'),
(2617, '2016-05-13 11:47:19', '2022-08-03 09:14:08', 'Electronique | Téléphonie et Tablettes', 'electronique-telephonie-et-tablettes'),
(2618, '2016-05-13 11:53:29', '2022-08-03 06:54:16', 'Téléphones portables', 'telephones-portables'),
(2619, '2016-05-13 11:54:53', '2022-08-03 06:12:11', 'Téléphones fixes et IP', 'telephones-fixes-et-ip'),
(2620, '2016-05-13 11:55:23', '2022-08-01 09:13:31', 'Housse de portable', 'housse-de-portable'),
(2621, '2016-05-13 11:56:16', '2022-08-03 09:14:09', 'Chargeurs et câbles USB', 'chargeurs-et-cables-usb'),
(2622, '2016-05-13 11:56:45', '2022-08-01 11:08:05', 'Perche à selfie', 'perche-a-selfie'),
(2623, '2016-05-13 11:57:06', '2022-08-01 09:21:19', 'Banque d#alimentation', 'banque-d-alimentation'),
(2624, '2016-05-13 11:57:56', '2022-08-02 11:16:15', 'Accessoires pour mobiles et tablettes', 'accessoires-pour-mobiles-et-tablettes'),
(2625, '2016-05-13 12:05:50', '2022-08-03 06:12:14', 'Télévisions et Smart TV', 'televisions-et-smart-tv'),
(2626, '2016-05-13 12:06:41', '2022-08-03 06:04:20', 'Tablettes', 'tablettes'),
(2627, '2016-05-13 12:07:47', '2022-08-02 12:12:09', 'Consoles', 'consoles'),
(2628, '2016-05-13 12:08:05', '2022-07-14 06:03:07', 'Drones et robots', 'drones-et-robots'),
(2629, '2016-05-13 12:08:47', '2022-08-03 06:21:02', 'Trottinettes électriques', 'trottinettes-electriques'),
(2633, '2016-05-13 12:10:24', '2022-07-28 19:50:09', 'Réveils', 'reveils'),
(2634, '2016-05-13 12:10:59', '2022-08-03 06:10:16', 'Smartwatches', 'smartwatches'),
(2635, '2016-05-13 12:11:19', '2022-08-03 06:45:16', 'Montres-bracelets', 'montres-bracelets'),
(2636, '2016-05-13 13:15:08', '2022-04-28 05:24:05', 'Audio et HI-FI', 'audio-et-hi-fi'),
(2637, '2016-05-13 13:15:28', '2022-08-03 05:35:05', 'Haut-parleurs', 'haut-parleurs'),
(2638, '2016-05-13 13:15:43', '2022-08-03 06:11:07', 'Casque Bluetooth', 'casque-bluetooth'),
(2639, '2016-05-13 13:16:11', '2022-07-31 06:02:04', 'Radio CD', 'radio-cd'),
(2640, '2016-05-13 13:16:31', '2022-07-28 16:25:24', 'Enregistreurs audio', 'enregistreurs-audio'),
(2641, '2016-05-13 13:16:58', '2022-04-28 05:24:05', 'Composants et accessoires', 'composants-et-accessoires'),
(2642, '2016-05-13 13:17:25', '2022-08-03 09:01:05', 'Informatique | Périphériques et Consommables', 'informatique-peripheriques-et-consommables'),
(2644, '2016-05-13 13:18:16', '2022-08-03 06:12:06', 'Moniteurs', 'moniteurs'),
(2645, '2016-05-13 13:18:40', '2022-08-03 06:11:08', 'Imprimantes', 'imprimantes'),
(2646, '2016-05-13 13:18:56', '2022-08-03 06:45:04', 'Claviers', 'claviers'),
(2648, '2016-05-13 13:20:10', '2022-08-03 06:09:08', 'Piles alcalines', 'piles-alcalines'),
(2649, '2016-05-13 13:20:40', '2022-07-19 06:56:10', 'Accessoires d#Électronique', 'accessoires-d-electronique'),
(2650, '2016-05-13 13:21:05', '2022-07-30 06:01:04', 'Accessoires d#informatique', 'accessoires-d-informatique'),
(2651, '2016-05-16 12:16:33', '2022-08-03 06:03:11', 'Autres produits ménagers', 'autres-produits-menagers'),
(2652, '2016-05-17 09:51:07', '2022-08-02 06:03:20', 'Tondeuses pour cheveux', 'tondeuses-pour-cheveux'),
(2653, '2016-05-17 10:46:08', '2022-08-01 08:07:14', 'Cosmétiques Naturels', 'cosmetiques-naturels'),
(2654, '2016-05-17 10:59:19', '2022-07-27 17:31:11', 'Lunettes de lecture et lunettes loupes', 'lunettes-de-lecture-et-lunettes-loupes'),
(2655, '2016-05-19 09:48:17', '2022-08-03 08:13:06', 'Tirelires', 'tirelires'),
(2656, '2016-05-19 11:27:50', '2022-08-03 06:48:08', 'Tapis de souris et la souris', 'tapis-de-souris-et-la-souris'),
(2657, '2016-05-19 15:41:28', '2022-07-28 12:28:08', 'Poeles électriques', 'poeles-electriques'),
(2658, '2016-05-19 16:06:58', '2022-08-02 12:13:04', 'Refrigérateurs et congélateurs', 'refrigerateurs-et-congelateurs'),
(2659, '2016-05-23 09:51:03', '2022-08-03 06:05:12', 'Lots de Cosmétique et Parfums', 'lots-de-cosmetique-et-parfums'),
(2660, '2016-05-23 14:03:52', '2022-08-02 06:08:04', 'Autres jouets', 'autres-jouets'),
(2661, '2016-06-06 07:09:21', '2022-07-27 18:20:09', 'Boucles d#oreilles', 'boucles-d-oreilles'),
(2662, '2016-06-20 11:31:33', '2022-07-27 18:07:04', 'Cadeaux Originaux', 'cadeaux-originaux'),
(2663, '2016-06-20 11:32:19', '2022-03-03 09:50:44', 'Cadeaux pour la maison', 'cadeaux-pour-la-maison'),
(2664, '2016-06-20 11:33:35', '2022-03-03 09:50:23', 'Cadeaux pour La cuisine', 'cadeaux-pour-la-cuisine'),
(2666, '2016-06-20 11:34:36', '2022-07-05 10:05:05', 'Cadeaux pour sportifs', 'cadeaux-pour-sportifs'),
(2667, '2016-06-20 11:35:04', '2022-02-28 18:22:26', 'Cadeaux pour Soins Personnels', 'cadeaux-pour-soins-personnels'),
(2668, '2016-06-20 11:35:41', '2022-02-21 10:40:29', 'Mode et Accessoires', 'mode-et-accessoires'),
(2669, '2016-06-20 11:36:15', '2022-07-26 13:01:12', 'Cadeaux pour enfants', 'cadeaux-pour-enfants'),
(2671, '2016-06-20 11:37:02', '2022-07-05 10:20:45', 'Gadgets Originaux', 'gadgets-originaux'),
(2672, '2016-06-21 14:20:19', '2022-06-07 06:42:16', 'Téléachat | Vu à la télévision', 'teleachat-vu-a-la-television'),
(2673, '2016-06-21 14:21:13', '2022-02-24 13:41:11', 'Accessoires de Cuisine', 'accessoires-de-cuisine'),
(2674, '2016-06-21 14:23:47', '2022-06-07 06:42:16', 'Idées pour la Maison', 'idees-pour-la-maison'),
(2675, '2016-06-21 14:24:13', '2022-03-03 07:30:47', 'Équipements Sportifs', 'equipements-sportifs'),
(2676, '2016-06-21 14:24:36', '2022-03-09 10:31:47', 'Santé et Beauté Teleshop', 'teleachat-vu-a-la-television-sante-et-beaute-teleshop'),
(2677, '2016-06-21 14:25:18', '2022-02-16 14:30:36', 'Bien plus encore sur Téléachat', 'bien-plus-encore-sur-teleachat'),
(2678, '2016-06-28 16:36:07', '2022-07-29 06:10:10', 'Promos | Reconditionnés', 'promos-reconditionnes'),
(2679, '2016-06-29 06:43:21', '2022-02-17 13:19:07', 'Offres / Promos', 'offres-promos'),
(2682, '2016-07-08 08:40:32', '2022-06-24 07:00:06', 'Cadeaux pour femme', 'cadeaux-pour-femme'),
(2683, '2016-07-08 08:41:07', '2022-02-24 12:34:30', 'Carafes et verres originaux', 'carafes-et-verres-originaux'),
(2684, '2016-07-08 08:41:10', '2022-07-27 11:06:08', 'Cadeaux pour bébés', 'cadeaux-pour-bebes'),
(2685, '2016-07-08 08:41:37', '2021-11-11 08:34:46', 'Tirelires originales', 'tirelires-originales'),
(2686, '2016-07-08 08:41:39', '2022-02-25 01:54:35', 'Tasses originales', 'tasses-originales'),
(2687, '2016-07-08 08:42:04', '2022-02-10 09:24:30', 'Cadeaux romantiques', 'cadeaux-romantiques'),
(2688, '2016-07-08 08:42:05', '2022-05-25 11:29:03', 'Porte-clefs originaux', 'porte-clefs-originaux'),
(2689, '2016-07-08 08:43:51', '2022-07-27 18:07:04', 'Cadeaux pour Anniversaires et célébrations', 'cadeaux-pour-anniversaires-et-celebrations'),
(2690, '2016-07-08 08:44:06', '2022-02-18 10:38:32', 'Cadres photos Originaux', 'cadres-photos-originaux'),
(2691, '2016-07-08 08:44:48', '2022-02-17 14:15:55', 'Cadeaux pour séniors', 'cadeaux-pour-seniors'),
(2692, '2016-07-08 08:45:20', '2022-03-03 09:58:52', 'Cadeaux pour homme', 'cadeaux-pour-homme'),
(2693, '2016-07-08 08:45:50', '2022-03-02 10:36:11', 'Cadeaux pour mariages, Communions et Baptêmes', 'cadeaux-pour-mariages-communions-et-baptemes'),
(2694, '2016-07-08 08:45:59', '2022-03-02 13:51:29', 'Cadeaux d’enterrements de vie de célibataire', 'cadeaux-d-enterrements-de-vie-de-celibataire'),
(2695, '2016-07-08 08:46:25', '2022-02-23 12:54:59', 'Cadeaux Curieux et Amusants', 'cadeaux-curieux-et-amusants'),
(2696, '2016-07-08 08:47:00', '2022-03-02 01:51:23', 'Cadeaux érotiques', 'cadeaux-erotiques'),
(2698, '2016-07-19 10:18:57', '2022-08-03 05:47:04', 'Miroirs', 'miroirs'),
(2699, '2016-07-20 10:02:48', '2022-07-28 06:04:11', 'Centres de table et vases', 'centres-de-table-et-vases'),
(2700, '2016-07-20 10:07:53', '2022-08-03 06:41:20', 'Bougies et chandeliers', 'bougies-et-chandeliers'),
(2701, '2016-07-20 10:10:00', '2022-08-02 07:16:09', 'Porte-parapluies et porte-revues', 'porte-parapluies-et-porte-revues'),
(2702, '2016-07-20 10:10:42', '2022-07-20 13:26:34', 'Coffrets à bijoux et potiches', 'coffrets-a-bijoux-et-potiches'),
(2703, '2016-07-20 10:11:08', '2022-08-02 12:13:08', 'Lampes', 'lampes'),
(2704, '2016-07-20 10:12:09', '2016-09-30 11:44:23', 'Gramophones', 'gramophones'),
(2705, '2016-07-20 10:17:19', '2022-03-29 13:23:28', 'Cale-portes', 'cale-portes'),
(2706, '2016-07-20 10:31:22', '2022-08-02 13:19:07', 'Linge de Maison', 'linge-de-maison'),
(2707, '2016-07-20 10:32:59', '2022-07-27 17:27:03', 'Chemins de table et nappes', 'chemins-de-table-et-nappes'),
(2708, '2016-07-20 10:33:41', '2022-08-03 07:38:10', 'Mobilier', 'mobilier'),
(2709, '2016-07-20 10:35:37', '2022-08-02 11:38:16', 'Meubles d’entrée, commodes et chiffonniers', 'meubles-d-entree-commodes-et-chiffonniers'),
(2710, '2016-07-20 10:39:17', '2022-07-27 17:56:20', 'Paravents', 'paravents'),
(2711, '2016-07-20 10:40:29', '2022-07-27 17:25:10', 'Malles', 'malles'),
(2712, '2016-07-20 10:41:09', '2022-07-27 18:08:13', 'Fauteuils, fauteuil à bascule et sièges', 'fauteuils-fauteuil-a-bascule-et-sieges'),
(2713, '2016-07-20 10:41:41', '2022-07-27 18:06:09', 'Fauteuils de repos', 'fauteuils-de-repos'),
(2714, '2016-07-20 10:45:06', '2022-07-27 18:02:10', 'Canapés et canapés-lits', 'canapes-et-canapes-lits'),
(2715, '2016-07-20 10:50:47', '2022-08-03 07:18:05', 'Têtes et pieds de lit', 'tetes-et-pieds-de-lit'),
(2716, '2016-07-20 10:51:42', '2022-08-03 05:45:04', 'Commodes, coiffeuses et armoires', 'commodes-coiffeuses-et-armoires'),
(2717, '2016-07-20 10:52:12', '2022-08-03 07:38:10', 'Tables et chaises', 'tables-et-chaises'),
(2718, '2016-07-20 10:53:10', '2022-08-03 06:24:22', 'Meuble TV et auxiliaires', 'meuble-tv-et-auxiliaires'),
(2719, '2016-07-20 10:53:52', '2022-07-28 12:30:07', 'Bureaux', 'bureaux'),
(2720, '2016-07-20 10:54:22', '2022-07-29 06:40:19', 'Étagères', 'etageres'),
(2721, '2016-07-20 10:54:54', '2022-07-27 18:03:05', 'Tables de nuit', 'tables-de-nuit'),
(2722, '2016-07-20 10:55:34', '2022-08-02 09:11:10', 'Portemanteaux et patères', 'portemanteaux-et-pateres'),
(2723, '2016-07-20 10:56:01', '2022-07-29 06:10:07', 'Poufs et tabourets', 'poufs-et-tabourets'),
(2724, '2016-07-20 10:56:23', '2022-08-02 09:10:15', 'Meubles à chaussures', 'meubles-a-chaussures'),
(2725, '2016-07-20 10:56:52', '2022-08-03 06:36:08', 'Organiseurs', 'organiseurs'),
(2726, '2016-07-20 10:58:02', '2022-08-02 10:23:05', 'Assiettes, plats et plateaux', 'assiettes-plats-et-plateaux'),
(2727, '2016-07-20 11:01:10', '2022-07-27 18:07:24', 'Sous-verres, dessous de plat et serviettes de table', 'sous-verres-dessous-de-plat-et-serviettes-de-table'),
(2728, '2016-07-20 11:03:55', '2022-08-02 06:05:08', 'Tire-bouchons, ouvre-boîtes et ouvre-bouteilles', 'tire-bouchons-ouvre-boites-et-ouvre-bouteilles'),
(2729, '2016-07-20 11:05:20', '2022-08-01 13:14:09', 'Planches à découper', 'planches-a-decouper'),
(2730, '2016-07-20 11:07:58', '2022-07-19 07:41:08', 'Boîtes de cuisine et boîtes à pain', 'boites-de-cuisine-et-boites-a-pain'),
(2731, '2016-07-20 11:10:02', '2022-08-02 06:12:50', 'Râpes, éplucheurs et découpe fruits et légumes', 'rapes-eplucheurs-et-decoupe-fruits-et-legumes'),
(2732, '2016-07-20 11:11:15', '2022-07-04 10:15:11', 'Kits et plateaux de dégustation', 'kits-et-plateaux-de-degustation'),
(2733, '2016-07-20 11:14:05', '2022-08-01 13:14:08', 'Salières et poivrières', 'salieres-et-poivrieres'),
(2734, '2016-07-20 11:22:06', '2022-08-03 06:04:32', 'Porte-bouteilles', 'porte-bouteilles'),
(2735, '2016-07-20 11:22:45', '2022-07-26 06:04:11', 'Tuyaux d’arrosage et accessoires', 'tuyaux-d-arrosage-et-accessoires'),
(2736, '2016-07-20 11:24:15', '2022-07-27 17:47:06', 'Éclairage et décoration d’extérieur', 'eclairage-et-decoration-d-exterieur'),
(2738, '2016-07-21 10:55:00', '2022-08-02 13:21:07', 'Autres accessoires et ustensiles de cuisine', 'autres-accessoires-et-ustensiles-de-cuisine'),
(2791, '2016-09-16 10:44:17', '2022-08-03 07:00:45', 'Informatique | Ordinateurs', 'informatique-ordinateurs'),
(2792, '2016-09-16 10:46:17', '2022-08-03 06:59:11', 'Ordinateur de bureau', 'ordinateur-de-bureau'),
(2793, '2016-09-16 10:47:42', '2022-07-28 16:13:48', 'Tout en un', 'tout-en-un'),
(2795, '2016-09-16 10:48:27', '2022-08-03 06:01:16', 'Mini PC', 'mini-pc'),
(2797, '2016-09-16 10:52:48', '2022-08-03 06:04:20', 'Notebooks', 'notebooks'),
(2798, '2016-09-16 10:53:45', '2022-08-02 06:11:24', 'Refroidisseurs pour portables', 'refroidisseurs-pour-portables'),
(2799, '2016-09-16 10:54:07', '2022-08-03 07:00:45', 'Serveurs', 'serveurs'),
(2800, '2016-09-16 10:54:55', '2022-08-03 06:05:07', 'Mallettes et sacs', 'mallettes-et-sacs'),
(2801, '2016-09-16 10:55:20', '2022-07-29 06:11:12', 'Accessoires informatiques', 'accessoires-informatiques'),
(2802, '2016-09-16 10:56:05', '2022-08-03 05:29:33', 'PDV et Accessoires', 'pdv-et-accessoires'),
(2803, '2016-09-16 10:56:50', '2022-08-03 09:09:31', 'Informatique | Réseaux et Composants', 'informatique-reseaux-et-composants'),
(2804, '2016-09-16 10:57:14', '2022-08-02 06:12:43', 'Cartes mères', 'cartes-meres'),
(2805, '2016-09-16 10:57:32', '2022-08-03 06:12:14', 'Processeurs', 'processeurs'),
(2806, '2016-09-16 10:57:54', '2022-08-03 08:05:12', 'Disques durs', 'disques-durs'),
(2807, '2016-09-16 10:58:19', '2022-08-03 06:13:04', 'Mémoires RAM', 'memoires-ram'),
(2808, '2016-09-16 11:00:15', '2022-07-29 11:06:04', 'Lecteurs et enregistreurs DVD/DVD Blue-Ray', 'lecteurs-et-enregistreurs-dvd-dvd-blue-ray'),
(2809, '2016-09-16 11:00:33', '2022-08-02 06:01:05', 'Multilecteurs', 'multilecteurs'),
(2810, '2016-09-16 11:00:59', '2022-07-08 05:34:07', 'Cartes son', 'cartes-son'),
(2811, '2016-09-16 11:01:22', '2022-08-02 07:23:24', 'Cartes PCI', 'cartes-pci'),
(2812, '2016-09-16 11:01:42', '2022-08-03 06:10:05', 'Cartes graphiques', 'cartes-graphiques'),
(2813, '2016-09-16 11:02:07', '2022-08-03 06:11:08', 'Cartes mémoires', 'cartes-memoires'),
(2814, '2016-09-16 11:02:26', '2022-08-02 06:02:11', 'Boîtiers et caisses', 'boitiers-et-caisses'),
(2815, '2016-09-16 11:02:45', '2022-07-29 06:01:08', 'Ventilation', 'ventilation'),
(2816, '2016-09-16 11:03:05', '2022-08-03 06:12:13', 'Sources d#alimentation', 'sources-d-alimentation'),
(2817, '2016-09-16 11:03:23', '2022-08-03 06:12:05', 'Clés et mémoires USB', 'cles-et-memoires-usb'),
(2818, '2016-09-16 11:03:37', '2022-07-27 11:06:11', 'Batteries pour PC', 'batteries-pour-pc'),
(2820, '2016-09-16 11:04:55', '2022-08-03 09:09:31', 'Points d#accès', 'points-d-acces'),
(2821, '2016-09-16 11:05:15', '2022-08-03 06:01:18', 'Réseaux cablés', 'reseaux-cables'),
(2823, '2016-09-16 11:05:52', '2022-08-02 06:12:49', 'Réseaux sans fil', 'reseaux-sans-fil'),
(2824, '2016-09-16 11:07:49', '2022-08-03 06:12:12', 'Réseaux Wi-Fi', 'reseaux-wi-fi'),
(2825, '2016-09-16 11:08:44', '2022-08-03 06:01:17', 'Réseaux Home Plug', 'reseaux-home-plug'),
(2826, '2016-09-16 11:15:02', '2022-08-03 06:12:05', 'Routeurs et modems', 'routeurs-et-modems'),
(2827, '2016-09-16 11:15:27', '2022-08-03 06:41:08', 'Switch', 'switch'),
(2828, '2016-09-16 11:16:31', '2022-08-03 07:40:06', 'Armoires Rack', 'armoires-rack'),
(2829, '2016-09-16 11:17:21', '2022-08-02 12:14:14', 'HUB USB', 'hub-usb'),
(2830, '2016-09-16 11:18:59', '2022-08-03 06:10:15', 'NAS', 'nas'),
(2831, '2016-09-16 11:35:02', '2022-08-03 09:11:04', 'Informatique | Câbles et Adaptateurs', 'informatique-cables-et-adaptateurs'),
(2832, '2016-09-16 11:36:04', '2022-07-28 19:14:25', 'Switch KVM', 'switch-kvm'),
(2833, '2016-09-16 11:37:16', '2022-08-03 09:06:24', 'Câbles USB', 'cables-usb'),
(2834, '2016-09-16 11:38:18', '2022-08-03 09:08:07', 'Câbles audio et vidéo', 'cables-audio-et-video'),
(2835, '2016-09-16 11:41:11', '2022-05-24 05:53:16', 'Câbles pour imprimantes et scanner', 'cables-pour-imprimantes-et-scanner'),
(2836, '2016-09-16 11:41:36', '2022-03-16 07:36:52', 'Câbles de sécurité', 'cables-de-securite'),
(2837, '2016-09-16 11:42:01', '2022-08-03 06:01:08', 'Câbles d#alimentation', 'cables-d-alimentation'),
(2838, '2016-09-16 11:42:33', '2022-08-03 07:45:07', 'Câbles de réseaux', 'cables-de-reseaux'),
(2839, '2016-09-16 11:43:21', '2022-08-03 07:02:08', 'Câbles SATA', 'cables-sata'),
(2840, '2016-09-16 11:43:48', '2022-07-13 07:35:09', 'Câbles de fibre optique', 'cables-de-fibre-optique'),
(2841, '2016-09-16 11:45:43', '2022-08-03 09:11:04', 'Adaptateurs', 'adaptateurs'),
(2842, '2016-09-16 11:46:13', '2022-07-13 06:40:17', 'Câbles série / parallèle', 'cables-serie-parallele'),
(2843, '2016-09-16 11:46:40', '2022-08-03 07:05:18', 'Câbles DisplayPort', 'cables-displayport'),
(2844, '2016-09-16 11:49:23', '2022-08-03 06:11:06', 'Webcam', 'webcam'),
(2845, '2016-09-16 11:53:55', '2022-08-03 07:53:05', 'UPS', 'ups'),
(2846, '2016-09-16 11:54:11', '2022-08-01 07:40:04', 'Scanners', 'scanners'),
(2847, '2016-09-16 12:41:15', '2022-08-03 09:01:05', 'Micros et écouteurs', 'micros-et-ecouteurs'),
(2848, '2016-09-16 12:46:35', '2022-08-02 12:13:07', 'Multiprises', 'multiprises'),
(2849, '2016-09-16 12:47:05', '2022-08-02 06:15:17', 'Destructeurs de papiers', 'destructeurs-de-papiers'),
(2850, '2016-09-16 12:47:47', '2022-08-02 06:01:08', 'Supports pour écrans', 'supports-pour-ecrans'),
(2851, '2016-09-16 12:48:52', '2022-07-28 19:23:09', 'Tableaux interractifs', 'tableaux-interractifs'),
(2852, '2016-09-16 12:49:21', '2022-07-28 15:10:16', 'Écrans pour projecteurs', 'ecrans-pour-projecteurs'),
(2853, '2016-09-16 12:49:44', '2022-07-31 06:00:15', 'Logiciels', 'logiciels'),
(2858, '2016-09-16 12:53:22', '2022-08-03 09:16:17', 'Informatique | Gaming', 'informatique-gaming'),
(2859, '2016-09-16 12:53:49', '2022-08-03 08:53:04', 'Ecouteurs Gaming', 'ecouteurs-gaming'),
(2860, '2016-09-16 12:56:30', '2022-07-15 06:10:05', 'Gamepad', 'gamepad'),
(2861, '2016-09-16 12:57:24', '2022-07-28 12:29:05', 'Cartes mères Gaming', 'cartes-meres-gaming'),
(2862, '2016-09-16 12:57:50', '2022-07-12 10:57:06', 'Chargeurs Gaming', 'chargeurs-gaming'),
(2863, '2016-09-16 12:58:24', '2022-08-02 06:11:23', 'Sources d#alimentation Gaming', 'sources-d-alimentation-gaming'),
(2864, '2016-09-16 12:58:49', '2022-08-03 09:16:17', 'Souris et Gaming Mouse', 'souris-et-gaming-mouse'),
(2865, '2016-09-16 12:59:09', '2022-08-02 06:11:09', 'Ventilation Gaming', 'ventilation-gaming'),
(2866, '2016-09-16 12:59:30', '2022-08-02 06:11:23', 'Boîtiers et caisses Gaming', 'boitiers-et-caisses-gaming'),
(2867, '2016-09-16 12:59:55', '2022-02-02 14:52:50', 'Cartes son Gaming', 'cartes-son-gaming'),
(2868, '2016-09-16 13:00:18', '2016-11-03 14:14:15', 'Tout en un Gaming', 'tout-en-un-gaming'),
(2869, '2016-09-16 13:00:37', '2022-08-03 05:39:13', 'Accessoires Gaming', 'accessoires-gaming'),
(2871, '2016-09-16 13:04:19', '2022-07-05 10:43:08', 'Lunettes de réalité virtuelle', 'lunettes-de-realite-virtuelle'),
(2874, '2016-09-16 13:07:28', '2022-08-03 07:27:17', 'Cartouches d#encre originale', 'cartouches-d-encre-originale'),
(2875, '2016-09-16 13:07:49', '2022-07-11 09:37:07', 'Cartouches d#encre recyclées', 'cartouches-d-encre-recyclees'),
(2876, '2016-09-16 13:08:16', '2022-08-03 06:11:05', 'Toners originaux', 'toners-originaux'),
(2877, '2016-09-16 13:08:36', '2022-07-11 09:37:08', 'Toners recyclés', 'toners-recycles'),
(2878, '2016-09-16 13:09:20', '2022-05-20 06:50:21', 'Alimentation en encre continu', 'alimentation-en-encre-continu'),
(2879, '2016-09-16 13:09:48', '2022-07-27 18:06:09', 'CD et DVD', 'cd-et-dvd'),
(2880, '2016-09-16 13:10:10', '2022-07-22 10:04:03', 'Papier pour imprimantes', 'papier-pour-imprimantes'),
(2881, '2016-09-16 13:10:29', '2022-07-23 06:02:09', 'Tambours', 'tambours'),
(2882, '2016-09-16 13:14:10', '2022-08-03 07:19:09', 'Electronique | Son', 'electronique-son'),
(2883, '2016-09-16 13:14:33', '2022-08-01 07:10:19', 'Streaming TV', 'streaming-tv'),
(2884, '2016-09-16 13:15:04', '2022-08-03 06:12:13', 'Syntoniseurs TDT et satellites', 'syntoniseurs-tdt-et-satellites'),
(2885, '2016-09-16 13:16:15', '2022-03-08 22:38:37', 'haut-parleurs de jeu', 'haut-parleurs-de-jeu'),
(2886, '2016-09-16 13:16:59', '2022-01-25 10:39:15', 'Vidéo et Home Cinema', 'video-et-home-cinema'),
(2887, '2016-09-16 13:17:52', '2022-08-01 09:43:15', 'Navigateurs GPS', 'navigateurs-gps'),
(2888, '2016-09-16 13:18:14', '2022-08-03 05:46:30', 'MP3, MP4 et MP5', 'mp3-mp4-et-mp5'),
(2889, '2016-09-16 18:07:31', '2022-07-29 06:07:07', 'Claviers de Jeu', 'claviers-de-jeu'),
(2890, '2016-09-16 19:10:39', '2022-07-30 06:14:10', 'Gaming Cartes graphiques', 'gaming-cartes-graphiques'),
(2891, '2016-10-04 08:15:03', '2022-07-29 12:06:04', 'Hygiène intime', 'hygiene-intime'),
(2892, '2016-10-04 08:15:48', '2022-08-03 06:06:12', 'Hygiène buccale', 'hygiene-buccale'),
(2896, '2016-10-04 10:06:12', '2022-08-03 08:28:10', 'Trousse de secours', 'trousse-de-secours'),
(2899, '2016-11-22 08:31:01', '2022-07-26 13:03:20', 'Porte Clés', 'porte-cles'),
(2900, '2016-12-22 10:42:10', '2022-08-03 05:48:03', 'Accessoires et organisateurs', 'accessoires-et-organisateurs'),
(2902, '2016-12-22 10:44:45', '2022-08-02 12:27:48', 'Vêtements et chaussures pour enfants', 'vetements-et-chaussures-pour-enfants'),
(2903, '2017-02-08 16:05:18', '2022-07-26 14:36:18', 'Désodorisants', 'desodorisants'),
(2904, '2017-02-21 15:11:34', '2022-08-03 06:21:02', 'Electronique | Jouets électroniques', 'electronique-jouets-electroniques'),
(2905, '2017-02-21 15:13:32', '2022-08-02 13:07:04', 'Électronique | GPS et Automobile', 'electronique-gps-et-automobile'),
(2906, '2017-02-21 15:21:16', '2022-08-02 13:07:04', 'Supports pour portables et tablettes', 'supports-pour-portables-et-tablettes'),
(2907, '2017-02-21 15:23:01', '2021-11-26 11:39:55', 'Lecteurs DVD portable', 'lecteurs-dvd-portable'),
(2908, '2017-02-21 15:24:21', '2022-07-20 13:26:06', 'Mains libres Bluetooth pour voiture', 'mains-libres-bluetooth-pour-voiture'),
(2909, '2017-02-21 15:50:13', '2022-07-28 19:42:20', 'Livres électroniques et housses', 'livres-electroniques-et-housses'),
(2910, '2017-02-21 15:51:05', '2022-07-28 16:49:47', 'Télécommandes', 'telecommandes'),
(2911, '2017-02-21 15:51:47', '2022-08-03 06:02:18', 'Supports de télévision', 'supports-de-television'),
(2912, '2017-02-21 15:52:17', '2022-08-01 12:13:03', 'Home cinéma', 'home-cinema'),
(2913, '2017-02-21 15:52:52', '2022-08-02 12:14:05', 'Jeux vidéo', 'jeux-video'),
(2914, '2017-02-21 15:53:30', '2022-07-30 06:15:06', 'Chaîne Hi-Fi', 'chaine-hi-fi'),
(2915, '2017-02-21 15:54:17', '2022-07-28 19:07:11', 'Caméscopes', 'camescopes'),
(2916, '2017-02-22 11:27:53', '2022-08-02 10:30:12', 'Accessoires pour consoles', 'accessoires-pour-consoles'),
(2917, '2017-02-22 11:29:23', '2022-07-27 10:48:07', 'Chargeurs USB pour voiture', 'chargeurs-usb-pour-voiture'),
(2918, '2017-03-28 09:26:04', '2022-07-28 12:28:09', 'Casque sans fil', 'casque-sans-fil'),
(2919, '2017-03-28 09:26:52', '2022-07-05 11:02:04', 'Casque sport', 'casque-sport'),
(2920, '2017-03-28 09:28:04', '2022-07-05 11:02:05', 'Casque bouton', 'casque-bouton'),
(2921, '2017-03-28 09:34:39', '2022-07-31 06:01:06', 'Casque diadème', 'casque-diademe'),
(2922, '2017-03-28 09:36:05', '2017-04-27 10:11:24', 'Docking Station', 'docking-station'),
(2923, '2017-03-28 09:46:39', '2022-08-03 07:19:09', 'Haut-Parleurs Bluetooth', 'haut-parleurs-bluetooth'),
(2924, '2017-03-28 09:47:17', '2022-07-27 10:49:15', 'Tours audio', 'tours-audio'),
(2925, '2017-03-28 09:47:47', '2022-08-02 06:15:29', 'Barres de son', 'barres-de-son'),
(2926, '2017-03-28 09:48:18', '2021-12-30 06:41:19', 'Meubles de TV', 'meubles-de-tv'),
(2927, '2017-03-28 09:49:22', '2022-07-28 19:50:06', 'Radio-réveil', 'radio-reveil'),
(2928, '2017-03-28 09:49:49', '2022-08-02 07:14:04', 'Transistors', 'transistors'),
(2929, '2017-03-28 09:50:13', '2022-07-28 19:50:09', 'Tourne-disque', 'tourne-disque'),
(2930, '2017-03-28 09:50:43', '2022-03-16 14:18:39', 'DVD', 'dvd'),
(2931, '2017-03-28 09:58:28', '2022-08-03 09:08:07', 'Electronique | Télévision', 'electronique-television'),
(2932, '2017-03-28 10:28:08', '2022-07-28 19:26:15', 'Electronique | Photo et Vidéo', 'electronique-photo-et-video'),
(2933, '2017-03-28 10:29:20', '2022-07-28 19:23:16', 'Appareils photo compacts', 'appareils-photo-compacts'),
(2934, '2017-03-28 10:29:49', '2022-07-28 16:33:25', 'Appareils photo réflex', 'appareils-photo-reflex'),
(2936, '2017-03-28 10:30:59', '2022-07-28 19:26:15', 'Accessoires pour appareils photo et caméscopes', 'accessoires-pour-appareils-photo-et-camescopes'),
(2937, '2017-03-28 10:43:50', '2022-08-02 12:13:08', 'Housse de tablette', 'housse-de-tablette'),
(2938, '2017-03-28 10:44:20', '2022-08-01 10:07:03', 'Protections pour écran', 'protections-pour-ecran'),
(2939, '2017-03-28 10:45:23', '2022-08-01 12:34:06', 'Bracelets d#activité', 'bracelets-d-activite'),
(2940, '2017-03-28 10:46:11', '2022-07-28 18:45:21', 'Talkies Walkies', 'talkies-walkies'),
(2941, '2017-03-28 10:46:46', '2022-06-15 06:05:07', 'Mains libres Bluetooth', 'mains-libres-bluetooth'),
(2942, '2017-03-28 10:47:01', '2022-08-01 09:18:07', 'Chargeurs pour PC', 'chargeurs-pour-pc'),
(2943, '2017-03-28 10:47:20', '2022-07-27 10:55:10', 'Casque Bluetooth avec microphone', 'casque-bluetooth-avec-microphone'),
(2944, '2017-03-28 10:47:50', '2022-08-03 08:57:04', 'Casque avec microphone', 'casque-avec-microphone'),
(2945, '2017-03-28 10:48:16', '2022-07-26 07:28:04', 'Enceintes PC', 'enceintes-pc'),
(2946, '2017-03-28 10:48:42', '2022-08-03 06:09:08', 'Electronique | Piles et Batteries', 'electronique-piles-et-batteries'),
(2947, '2017-03-28 10:49:02', '2022-08-01 11:57:04', 'Projecteurs', 'projecteurs'),
(2948, '2017-03-28 10:49:15', '2022-07-27 10:52:10', 'Piles rechargeables', 'piles-rechargeables'),
(2949, '2017-03-28 10:49:35', '2022-07-05 09:54:50', 'Piles salines', 'piles-salines'),
(2950, '2017-03-28 10:50:02', '2022-07-29 06:03:06', 'Piles bouton', 'piles-bouton'),
(2951, '2017-03-28 10:50:31', '2022-07-28 18:57:40', 'Chargeurs de piles', 'chargeurs-de-piles'),
(2952, '2017-03-28 10:51:14', '2022-08-02 07:16:13', 'Jardinage', 'jardinage'),
(2953, '2017-03-28 10:51:59', '2022-07-04 09:51:10', 'Ampoules', 'ampoules'),
(2954, '2017-03-28 10:52:24', '2022-07-26 15:20:08', 'Broches et boutons de manchette', 'broches-et-boutons-de-manchette'),
(2955, '2017-04-20 08:14:55', '2022-06-21 12:59:16', 'Scelleuse sous vide', 'scelleuse-sous-vide'),
(2956, '2017-04-28 13:34:24', '2022-02-02 14:11:33', 'Enceintes pour Voiture', 'enceintes-pour-voiture'),
(2957, '2017-06-05 06:33:49', '2022-07-27 10:55:05', 'Repos', 'repos'),
(2958, '2017-06-05 06:34:22', '2022-07-27 10:55:05', 'Oreillers', 'oreillers'),
(2959, '2017-06-05 06:34:50', '2022-07-05 07:41:08', 'Matelas', 'matelas'),
(2962, '2017-06-15 08:00:42', '2022-07-27 18:07:19', 'Bikinis et maillots de bain', 'bikinis-et-maillots-de-bain'),
(2963, '2017-06-15 08:41:57', '2022-07-27 15:46:13', 'Chemises', 'chemises'),
(2964, '2017-06-15 08:42:27', '2022-07-27 18:23:10', 'T-shirt', 't-shirt'),
(2965, '2017-06-15 08:44:16', '2017-09-20 11:05:40', 'Gilet', 'gilet'),
(2966, '2017-06-15 08:47:15', '2022-07-28 06:04:06', 'Casquettes', 'casquettes'),
(2967, '2017-06-15 08:49:16', '2022-07-27 18:07:18', 'Pulls', 'pulls'),
(2969, '2017-06-15 09:09:15', '2022-07-27 14:39:04', 'Polos', 'polos'),
(2970, '2017-06-15 09:11:36', '2022-07-05 11:42:10', 'Sweat-shirts', 'sweat-shirts'),
(2971, '2017-06-15 09:12:18', '2022-07-27 18:07:09', 'Robes', 'robes'),
(2972, '2017-06-15 09:13:13', '2022-07-28 12:26:20', 'Baskets', 'baskets'),
(2973, '2017-06-15 09:14:43', '2022-08-01 09:55:04', 'Chaussures de sport', 'chaussures-de-sport'),
(2974, '2017-06-15 09:22:30', '2022-08-01 12:33:34', 'Chaussons de maison', 'chaussons-de-maison'),
(2975, '2017-06-15 09:24:45', '2022-08-02 12:28:16', 'Tongs et sabots', 'tongs-et-sabots'),
(2976, '2017-06-15 09:25:40', '2022-07-27 17:31:09', 'Chaussures', 'chaussures'),
(2977, '2017-06-15 09:26:11', '2022-02-04 09:43:13', 'Bottes d#eau', 'bottes-d-eau'),
(2978, '2017-06-15 09:27:02', '2022-07-27 18:07:21', 'Semelles', 'semelles'),
(2979, '2017-06-15 09:28:35', '2022-07-05 11:09:04', 'Ceintures', 'ceintures'),
(2980, '2017-06-15 09:35:44', '2022-07-27 18:07:19', 'Pantalons', 'vetements-et-chaussures-pantalons'),
(2982, '2017-06-16 07:54:23', '2022-03-16 14:16:12', 'Jupes', 'jupes'),
(2984, '2017-06-16 07:55:36', '2022-06-07 07:21:04', 'Manteaux', 'manteaux'),
(2985, '2017-06-16 07:55:58', '2022-07-27 18:07:15', 'Vestes', 'vestes'),
(2986, '2017-06-16 07:56:21', '2018-01-18 10:12:36', 'Chemisiers', 'chemisiers'),
(2987, '2017-06-28 09:42:25', '2022-02-04 10:05:11', 'Maillots de bain por homme', 'maillots-de-bain-por-homme'),
(2988, '2017-06-28 13:37:27', '2022-03-01 23:45:28', 'ordinateur portable pour Gaming', 'ordinateur-portable-pour-gaming'),
(2992, '2017-09-11 10:45:54', '2022-07-29 06:22:18', 'Décoration de Noël', 'decoration-de-noel'),
(2993, '2017-09-11 10:48:57', '2022-02-18 18:37:24', 'PC de bureau Gaming', 'pc-de-bureau-gaming'),
(2994, '2017-09-26 12:30:22', '2022-08-01 06:01:06', 'Montres homme', 'montres-homme'),
(2995, '2017-09-26 12:31:27', '2022-08-02 07:20:05', 'Montres femme', 'montres-femme'),
(2996, '2017-09-26 12:32:22', '2022-08-03 06:45:16', 'Montres unisexe', 'montres-unisexe'),
(2997, '2017-09-26 12:34:15', '2022-08-02 05:40:06', 'Montres enfants', 'montres-enfants'),
(2998, '2017-09-26 13:30:00', '2022-07-28 06:30:08', 'Lunettes de soleil homme', 'lunettes-de-soleil-homme'),
(2999, '2017-09-26 13:30:40', '2022-08-02 07:07:15', 'Lunettes de soleil femme', 'lunettes-de-soleil-femme'),
(3000, '2017-09-26 13:31:26', '2022-07-27 14:51:40', 'Lunettes de soleil unisexe', 'lunettes-de-soleil-unisexe'),
(3001, '2017-09-26 13:32:03', '2022-08-02 06:08:05', 'Lunettes de soleil enfants', 'lunettes-de-soleil-enfants'),
(3003, '2017-09-28 09:29:27', '2022-07-27 10:48:06', 'Serviettes', 'serviettes'),
(3004, '2017-09-28 09:30:14', '2022-02-22 08:04:16', 'Extracteurs', 'extracteurs'),
(3005, '2017-09-28 09:33:37', '2022-08-02 07:13:17', 'Équipement de Cuisine', 'equipement-de-cuisine'),
(3006, '2017-09-28 09:34:10', '2022-07-29 05:32:05', 'Éviers', 'eviers'),
(3007, '2017-09-28 09:35:01', '2022-07-29 05:28:17', 'Robinets', 'robinets'),
(3008, '2017-09-28 09:40:44', '2022-08-02 07:13:17', 'Hottes de Cuisine', 'hottes-de-cuisine'),
(3009, '2017-11-03 09:41:57', '2022-07-30 06:12:10', 'Parfums pour enfants', 'parfums-pour-enfants'),
(3010, '2017-11-03 09:45:13', '2022-07-06 09:10:06', 'Parfums pour animaux de compagnie', 'parfums-pour-animaux-de-compagnie'),
(3011, '2017-11-03 09:48:39', '2022-07-08 05:38:03', 'Parfums érotiques', 'parfums-erotiques'),
(3012, '2017-11-09 15:13:01', '2022-06-13 12:31:08', 'Animaux', 'animaux'),
(3013, '2017-11-09 15:15:52', '2022-06-13 12:31:10', 'Chanteurs et musique', 'chanteurs-et-musique'),
(3014, '2017-11-09 15:19:33', '2022-06-13 12:31:10', 'Hommes des Cavernes', 'hommes-des-cavernes'),
(3016, '2017-11-09 15:39:00', '2022-02-16 09:32:51', 'Nourritures et boissons', 'nourritures-et-boissons'),
(3017, '2017-11-09 15:45:57', '2022-06-13 12:31:17', 'Cultures et traditions', 'cultures-et-traditions'),
(3018, '2017-11-09 15:49:37', '2022-07-27 15:35:40', 'Années 50, 60, 70 et 80', 'annees-50-60-70-et-80'),
(3019, '2017-11-09 15:52:04', '2022-02-16 10:08:09', 'Dessins animés', 'dessins-animes'),
(3021, '2017-11-09 15:54:21', '2022-06-13 12:31:08', 'Disney', 'disney'),
(3022, '2017-11-09 16:01:20', '2022-07-26 13:29:08', 'Fantaisie', 'fantaisie'),
(3023, '2017-11-09 16:12:08', '2022-07-28 18:37:29', 'Halloween', 'halloween'),
(3024, '2017-11-09 16:13:44', '2022-02-16 10:03:14', 'Médiéval', 'medieval'),
(3025, '2017-11-09 16:15:24', '2022-07-05 11:12:05', 'Noël', 'noel'),
(3026, '2017-11-09 16:17:28', '2022-06-13 12:30:18', 'Originaux et amusants', 'originaux-et-amusants'),
(3027, '2017-11-09 16:19:18', '2022-06-24 06:20:09', 'Clowns', 'clowns'),
(3028, '2017-11-09 16:21:07', '2022-08-03 06:09:07', 'Films et séries', 'films-et-series'),
(3030, '2017-11-09 16:23:09', '2022-08-02 06:07:04', 'Pirates', 'pirates'),
(3031, '2017-11-09 16:30:46', '2022-07-27 15:39:09', 'Princesses et rois', 'princesses-et-rois'),
(3032, '2017-11-09 16:43:40', '2022-06-17 05:22:22', 'Professions', 'professions'),
(3033, '2017-11-09 16:44:07', '2022-02-16 10:04:28', 'Religion', 'religion'),
(3034, '2017-11-09 16:48:57', '2022-06-13 12:30:05', 'Sexy', 'sexy'),
(3035, '2017-11-09 16:50:37', '2022-03-02 10:13:22', 'Super-héros et jeux vidéo', 'super-heros-et-jeux-video'),
(3036, '2017-11-09 16:51:53', '2022-08-01 12:10:07', 'Perruques et chapeaux', 'perruques-et-chapeaux'),
(3037, '2017-11-09 16:54:41', '2022-07-30 06:11:10', 'Masques', 'masques'),
(3038, '2017-11-09 16:55:12', '2022-07-27 11:06:13', 'Maquillage', 'maquillage'),
(3039, '2017-11-09 16:55:53', '2022-08-02 06:07:08', 'Accessoires de fêtes', 'accessoires-de-fetes');
INSERT INTO `category` (`id`, `date_add`, `date_upd`, `name`, `url`) VALUES
(3040, '2017-11-09 16:56:21', '2022-08-03 06:06:10', 'Accessoires pour déguisements', 'accessoires-pour-deguisements'),
(3041, '2017-11-22 11:44:20', '2022-08-03 06:09:07', 'Déguisements enfants', 'deguisements-enfants'),
(3044, '2017-11-22 15:51:10', '2022-07-27 18:09:12', 'Déguisements érotiques ', 'deguisements-erotiques'),
(3045, '2017-12-13 08:44:49', '2022-07-29 06:10:10', 'Reconditionnés / OpenBox', 'reconditionnes-openbox'),
(3046, '2017-12-18 10:37:34', '2022-08-03 06:09:08', 'Sex Shop | Érotique', 'sex-shop-erotique'),
(3047, '2017-12-18 10:38:25', '2022-08-02 06:04:07', 'Godes', 'godes'),
(3048, '2017-12-18 10:41:43', '2022-07-23 06:03:05', 'Godes réalistes', 'godes-realistes'),
(3049, '2017-12-18 10:42:19', '2022-07-20 10:58:21', 'Godes classiques', 'godes-classiques'),
(3050, '2017-12-18 10:42:46', '2022-03-07 11:50:23', 'Godes doubles', 'godes-doubles'),
(3051, '2017-12-18 10:43:13', '2022-08-02 06:04:07', 'Godes en verre', 'godes-en-verre'),
(3052, '2017-12-18 17:33:20', '2022-08-02 06:04:06', 'Masseurs de prostate', 'masseurs-de-prostate'),
(3053, '2017-12-18 17:34:53', '2022-07-29 08:54:04', 'Plugs anaux', 'plugs-anaux'),
(3054, '2017-12-18 17:37:09', '2022-07-14 11:06:28', 'Godes avec harnais', 'godes-avec-harnais'),
(3055, '2017-12-18 17:38:59', '2022-07-22 06:04:09', 'Godes originaux', 'godes-originaux'),
(3056, '2017-12-18 17:40:26', '2022-08-02 06:04:11', 'Vibrateur', 'vibrateur'),
(3057, '2017-12-18 17:41:57', '2022-07-27 15:36:26', 'Vibrateurs classiques', 'vibrateurs-classiques'),
(3058, '2017-12-18 17:43:29', '2022-07-08 06:52:03', 'Vibrateurs anaux', 'vibrateurs-anaux'),
(3059, '2017-12-18 17:44:44', '2022-07-26 15:18:11', 'Vibrateurs balles', 'vibrateurs-balles'),
(3060, '2017-12-18 17:46:09', '2022-07-29 06:04:06', 'Vibrateurs point G', 'vibrateurs-point-g'),
(3061, '2017-12-18 17:47:44', '2022-08-02 06:04:11', 'Vibrateurs lapin', 'vibrateurs-lapin'),
(3062, '2017-12-18 17:49:41', '2017-12-22 11:40:39', 'Vibrateurs avec caméra', 'vibrateurs-avec-camera'),
(3063, '2017-12-18 17:51:28', '2022-06-30 06:49:11', 'Vibrateurs pour couples', 'vibrateurs-pour-couples'),
(3064, '2017-12-18 17:55:10', '2022-07-30 06:12:05', 'Vibrateurs contrôlés par app', 'vibrateurs-controles-par-app'),
(3065, '2017-12-18 17:59:00', '2022-08-02 06:04:05', 'Vibrateurs avec télécommande', 'vibrateurs-avec-telecommande'),
(3066, '2017-12-18 18:06:00', '2022-08-02 06:04:05', 'Vibrateurs spéciaux', 'vibrateurs-speciaux'),
(3067, '2017-12-19 07:47:34', '2022-08-02 06:04:07', 'Boules orgasmiques', 'boules-orgasmiques'),
(3068, '2017-12-19 08:33:36', '2022-08-02 06:04:07', 'Boules chinoises', 'boules-chinoises'),
(3069, '2017-12-19 08:36:10', '2022-06-27 07:25:19', 'Boules anales', 'boules-anales'),
(3070, '2017-12-19 08:40:11', '2022-08-02 06:04:07', 'Anneaux pour le Pénis et Extenseurs', 'anneaux-pour-le-penis-et-extenseurs'),
(3071, '2017-12-19 09:00:20', '2022-08-02 06:04:07', 'Anneaux vibrants', 'anneaux-vibrants'),
(3072, '2017-12-19 09:25:58', '2022-07-27 10:49:05', 'Anneaux non-vibrants', 'anneaux-non-vibrants'),
(3073, '2017-12-19 10:09:24', '2022-06-30 07:08:07', 'Anneaux rechargeables', 'anneaux-rechargeables'),
(3074, '2017-12-19 10:20:09', '2022-07-28 18:38:15', 'Extenseurs de pénis', 'extenseurs-de-penis'),
(3075, '2017-12-19 10:25:32', '2022-07-21 07:38:15', 'Dilatateurs urétraux', 'dilatateurs-uretraux'),
(3076, '2017-12-19 10:33:25', '2022-08-02 06:04:04', 'Ensembles Érotiques', 'ensembles-erotiques'),
(3077, '2017-12-19 10:36:55', '2022-07-29 06:04:07', 'Aphrodisiaques et Stimulants', 'aphrodisiaques-et-stimulants'),
(3078, '2017-12-19 10:39:11', '2022-07-22 06:04:04', 'Vigueur sexuelle', 'vigueur-sexuelle'),
(3079, '2017-12-19 10:41:25', '2022-07-29 06:04:07', 'Stimulants', 'stimulants'),
(3080, '2017-12-19 10:57:36', '2022-06-30 07:04:07', 'Aphrodisiaques', 'aphrodisiaques'),
(3081, '2017-12-19 11:01:42', '2022-08-03 06:05:07', 'Massage Érotique', 'massage-erotique'),
(3082, '2017-12-19 11:04:10', '2022-07-26 11:45:18', 'Masseurs érotiques', 'masseurs-erotiques'),
(3083, '2017-12-19 11:11:45', '2022-07-20 13:19:04', 'Bougies érotiques', 'bougies-erotiques'),
(3084, '2017-12-19 11:13:38', '2022-08-03 06:05:07', 'Huiles érotiques', 'huiles-erotiques'),
(3085, '2017-12-19 11:36:59', '2022-07-27 10:52:04', 'Lotions et gels de massage', 'lotions-et-gels-de-massage'),
(3086, '2017-12-19 11:40:26', '2022-07-30 06:12:04', 'Accessoires érotiques', 'accessoires-erotiques'),
(3087, '2017-12-19 11:41:44', '2021-11-22 08:15:14', 'Vidéos et livres érotiques', 'videos-et-livres-erotiques'),
(3088, '2017-12-19 11:48:22', '2021-11-22 10:36:36', 'Bijou érotique', 'bijou-erotique'),
(3089, '2017-12-19 11:51:45', '2022-02-10 08:44:49', 'Batteries', 'batteries'),
(3090, '2017-12-19 11:52:58', '2022-07-30 06:12:04', 'Nettoyants', 'nettoyants'),
(3091, '2017-12-19 11:55:43', '2022-07-27 18:09:05', 'Rangement et accessoires', 'rangement-et-accessoires'),
(3093, '2017-12-19 11:58:31', '2022-07-28 12:29:10', 'Mobilier érotique', 'mobilier-erotique'),
(3094, '2017-12-19 12:06:38', '2022-07-27 18:09:12', 'Déguisements, fêtes et enterrements de vie de célibataire', 'deguisements-fetes-et-enterrements-de-vie-de-celibataire'),
(3095, '2017-12-19 12:23:29', '2022-06-22 11:27:48', 'Nourriture érotique', 'nourriture-erotique'),
(3096, '2017-12-19 12:25:13', '2022-03-02 13:51:29', 'Articles pour enterrements de vie de garçon', 'articles-pour-enterrements-de-vie-de-garcon'),
(3097, '2017-12-19 12:27:26', '2022-07-08 05:12:14', 'Articles érotiques et sexy', 'articles-erotiques-et-sexy'),
(3098, '2017-12-19 12:36:07', '2022-02-16 09:53:07', 'Déguisements pour enterrements de vie de garçon', 'deguisements-pour-enterrements-de-vie-de-garcon'),
(3099, '2017-12-19 12:38:08', '2022-02-10 09:46:13', 'Déguisements sexy', 'deguisements-sexy'),
(3100, '2017-12-19 12:39:28', '2022-06-09 10:15:39', 'Accessoires érotiques-festifs', 'accessoires-erotiques-festifs'),
(3101, '2017-12-19 12:41:27', '2022-07-29 06:04:06', 'Lingerie et Sous-Vêtements', 'lingerie-et-sous-vetements'),
(3102, '2017-12-19 12:43:07', '2022-07-27 18:09:10', 'Nuisettes et Body', 'nuisettes-et-body'),
(3103, '2017-12-19 14:24:57', '2022-07-20 10:47:27', 'Bas', 'bas'),
(3104, '2017-12-19 14:27:22', '2022-07-29 06:04:06', 'Caches tétons', 'caches-tetons'),
(3105, '2017-12-19 14:32:59', '2022-07-27 18:09:11', 'Culottes et strings', 'culottes-et-strings'),
(3106, '2017-12-19 14:42:45', '2022-07-22 08:11:04', 'Shortys', 'shortys'),
(3107, '2017-12-19 14:48:19', '2022-08-02 06:04:07', 'Jouets et jeux érotiques', 'jouets-et-jeux-erotiques'),
(3108, '2017-12-19 14:56:39', '2022-08-02 06:04:08', 'Bondage', 'bondage'),
(3109, '2017-12-19 14:59:17', '2022-08-02 06:04:07', 'Cartes érotiques', 'cartes-erotiques'),
(3110, '2017-12-19 15:09:16', '2022-06-30 07:07:09', 'Dés érotiques', 'des-erotiques'),
(3111, '2017-12-19 15:12:32', '2022-07-05 06:04:06', 'Réalité virtuelle érotique', 'realite-virtuelle-erotique'),
(3112, '2017-12-19 15:15:31', '2022-07-27 18:08:10', 'Cagoules et masques', 'cagoules-et-masques'),
(3113, '2017-12-19 15:17:13', '2022-06-30 06:45:17', 'Peintures et tatouages', 'peintures-et-tatouages'),
(3114, '2017-12-19 15:22:07', '2022-06-17 08:00:05', 'Cloneurs', 'cloneurs'),
(3116, '2017-12-19 15:26:55', '2022-06-30 07:09:09', 'Plumes érotiques', 'plumes-erotiques'),
(3117, '2017-12-19 15:27:26', '2022-02-08 14:36:17', 'Douches anales', 'douches-anales'),
(3118, '2017-12-19 15:32:07', '2022-06-30 07:09:06', 'Colliers et rubans', 'colliers-et-rubans'),
(3119, '2017-12-19 15:34:56', '2022-08-03 06:09:08', 'Préservatifs et Lubrifiants', 'preservatifs-et-lubrifiants'),
(3120, '2017-12-19 15:36:33', '2022-08-02 06:04:08', 'Menottes, baillons et pinces', 'menottes-baillons-et-pinces'),
(3121, '2017-12-19 15:38:23', '2022-07-26 15:19:09', 'Cages à pénis', 'cages-a-penis'),
(3122, '2017-12-19 15:40:10', '2022-07-27 06:07:07', 'Lubrifiants parfumés', 'lubrifiants-parfumes'),
(3127, '2017-12-19 15:48:09', '2022-08-02 06:04:06', 'Stimulateurs de tétons', 'stimulateurs-de-tetons'),
(3130, '2017-12-19 15:51:06', '2022-06-22 09:31:09', 'Lubrifiants Hybrides', 'lubrifiants-hybrides'),
(3131, '2017-12-19 15:54:42', '2022-06-30 07:09:05', 'Barre d#écartement', 'barre-d-ecartement'),
(3132, '2017-12-19 15:56:59', '2022-08-02 06:04:08', 'Fouets et martinets', 'fouets-et-martinets'),
(3133, '2017-12-19 15:57:12', '2022-06-27 08:23:06', 'Lubrifiants organiques', 'lubrifiants-organiques'),
(3134, '2017-12-19 16:00:21', '2022-07-26 11:45:18', 'Electrosexe', 'electrosexe'),
(3135, '2017-12-19 16:00:43', '2022-07-28 06:04:10', 'Lubrifiants à base de silicone', 'lubrifiants-a-base-de-silicone'),
(3136, '2017-12-19 16:05:01', '2022-07-29 08:53:03', 'Lubrifiants à base d#eau', 'lubrifiants-a-base-d-eau'),
(3137, '2017-12-19 16:05:39', '2022-08-03 06:09:08', 'Préservatifs', 'preservatifs'),
(3138, '2017-12-19 16:15:10', '2022-06-30 06:58:11', 'Lubrifiants anaux à base de silicone', 'lubrifiants-anaux-a-base-de-silicone'),
(3139, '2017-12-19 16:20:56', '2022-06-30 07:00:07', 'Lubrifiants anaux à base d#eau', 'lubrifiants-anaux-a-base-d-eau'),
(3140, '2017-12-19 16:26:21', '2022-07-16 06:03:21', 'Lubrifiants effet froid/effet chaud ', 'lubrifiants-effet-froid-effet-chaud'),
(3142, '2017-12-21 17:10:14', '2022-08-03 08:07:22', 'Camping et Montagne', 'camping-et-montagne'),
(3143, '2017-12-21 17:15:16', '2022-08-03 07:33:03', 'Plage et Piscine', 'plage-et-piscine'),
(3144, '2017-12-21 17:18:05', '2022-08-02 07:39:03', 'Valises et Bagage à Main', 'valises-et-bagage-a-main'),
(3145, '2017-12-21 17:19:26', '2022-08-02 06:08:05', 'Fêtes et Célébrations', 'fetes-et-celebrations'),
(3146, '2017-12-21 17:20:47', '2022-07-20 13:07:13', 'Articles de farce', 'articles-de-farce'),
(3147, '2017-12-21 17:21:16', '2017-12-22 12:07:46', 'Articles romantiques', 'articles-romantiques-2'),
(3148, '2017-12-21 17:21:52', '2022-03-01 19:40:13', 'Articles érotiques', 'articles-erotiques'),
(3149, '2017-12-21 17:22:27', '2022-08-02 06:08:05', 'Jeux de table', 'jeux-de-table'),
(3150, '2018-01-03 13:18:45', '2021-11-30 13:21:41', 'Articles romantiques & Saint Valentin', 'articles-romantiques-saint-valentin'),
(3151, '2018-01-25 08:45:52', '2022-08-03 06:00:10', 'Micro-ondes', 'micro-ondes'),
(3152, '2018-01-25 08:46:21', '2022-08-03 05:29:17', 'Fours', 'fours'),
(3156, '2018-02-05 11:04:06', '2022-07-28 12:27:17', 'Chauffe-eau électriques', 'chauffe-eau-electriques'),
(3157, '2018-04-17 09:58:01', '2022-08-02 12:13:03', 'Capsules de café', 'capsules-de-cafe'),
(3167, '2018-10-22 14:04:00', '2022-08-03 06:04:28', 'Déodorants en Stick', 'deodorants-en-stick'),
(3168, '2018-10-22 14:06:52', '2022-08-03 06:06:09', 'Déodorants en Spray', 'deodorants-en-spray'),
(3169, '2018-10-22 14:21:04', '2022-08-03 06:03:07', 'Déodorants Roll-On', 'deodorants-roll-on'),
(3170, '2019-01-03 11:21:47', '2022-08-03 06:09:10', 'Teintures capillaires', 'teintures-capillaires'),
(3171, '2019-01-15 16:24:10', '2022-08-02 06:09:13', 'Déodorants pour pieds', 'deodorants-pour-pieds'),
(3172, '2019-02-08 11:17:36', '2022-07-19 11:18:08', 'Huile d#Olive', 'huile-d-olive'),
(3179, '2019-02-18 08:39:30', '2022-06-30 07:16:07', 'Désodorisants en spray', 'desodorisants-en-spray'),
(3180, '2019-02-18 08:45:35', '2022-07-27 18:01:22', 'Bougies parfumées', 'bougies-parfumees'),
(3181, '2019-02-18 08:48:42', '2022-07-16 06:04:37', 'Huiles essentielles', 'huiles-essentielles'),
(3182, '2019-02-18 09:23:02', '2022-08-02 06:04:06', 'Désodorisants mikados', 'desodorisants-mikados'),
(3186, '2019-02-18 09:30:15', '2022-06-24 06:18:07', 'Désodorisants automatiques', 'desodorisants-automatiques'),
(3187, '2019-02-18 09:33:58', '2022-06-30 06:24:03', 'Désodorisants électriques', 'desodorisants-electriques'),
(3188, '2019-02-18 09:39:21', '2022-07-05 10:14:05', 'Désodorisants pour voiture', 'desodorisants-pour-voiture'),
(3189, '2019-02-18 10:57:04', '2022-07-30 06:04:05', 'Mousses à raser', 'mousses-a-raser'),
(3190, '2019-02-18 11:01:34', '2022-07-15 06:08:10', 'Gels à raser', 'gels-a-raser'),
(3191, '2019-02-18 11:04:28', '2022-07-30 06:03:11', 'Crèmes à raser', 'cremes-a-raser'),
(3192, '2019-02-18 11:08:26', '2022-08-03 06:09:07', 'Cires pour les cheveux', 'cires-pour-les-cheveux'),
(3193, '2019-02-18 11:10:08', '2022-08-03 06:09:06', 'Gels fixateurs', 'gels-fixateurs'),
(3194, '2019-02-18 11:13:06', '2022-08-03 06:09:09', 'Mousses pour les cheveux', 'mousses-pour-les-cheveux'),
(3195, '2019-02-18 11:15:01', '2022-08-03 06:05:12', 'Laques pour les cheveux', 'laques-pour-les-cheveux'),
(3197, '2019-04-10 07:05:10', '2022-07-22 06:05:05', 'Shampoings secs', 'shampoings-secs'),
(3198, '2019-04-10 07:09:44', '2021-08-04 06:07:57', 'Imprimantes 3D', 'imprimantes-3d'),
(3199, '2019-04-10 07:13:13', '2022-06-03 07:29:08', 'Accessoires pour imprimantes 3D', 'accessoires-pour-imprimantes-3d'),
(3200, '2019-04-10 07:19:28', '2022-07-20 13:03:19', 'Électronique | Robotique Éducative', 'electronique-robotique-educative'),
(3201, '2019-04-10 07:24:47', '2022-07-13 11:45:17', 'Kits de robotique', 'kits-de-robotique'),
(3202, '2019-04-10 07:27:54', '2022-06-21 07:43:06', 'Kits d#électronique', 'kits-d-electronique'),
(3203, '2019-04-10 07:33:58', '2022-02-02 17:44:19', 'Composants et accessoires de robotique', 'composants-et-accessoires-de-robotique'),
(3204, '2019-04-10 07:36:48', '2022-07-20 13:03:20', 'Jouets interactif', 'jouets-interactif'),
(3205, '2019-04-15 07:12:22', '2022-06-15 06:55:08', 'Ampoules intelligentes', 'ampoules-intelligentes'),
(3206, '2019-04-15 07:14:34', '2022-08-03 06:03:12', 'Prises intelligentes', 'prises-intelligentes'),
(3207, '2019-04-15 07:16:21', '2022-02-02 16:05:00', 'Assistants vocaux', 'assistants-vocaux'),
(3208, '2019-04-15 07:18:33', '2022-07-28 06:01:07', 'Caméras IP', 'cameras-ip'),
(3209, '2019-04-15 07:20:08', '2022-08-03 06:12:09', 'Caméras de surveillance vidéo', 'cameras-de-surveillance-video'),
(3210, '2019-04-15 07:22:46', '2022-08-02 12:12:08', 'Systèmes de sécurité', 'systemes-de-securite'),
(3211, '2019-04-15 07:24:40', '2022-07-29 07:06:03', 'Babyphone', 'babyphone'),
(3212, '2019-06-20 07:46:24', '2022-08-02 12:27:24', 'Running et Athlétisme', 'running-et-athletisme'),
(3213, '2019-06-20 07:49:05', '2022-07-12 05:56:03', 'Maillots de running et d#athlétisme', 'maillots-de-running-et-d-athletisme'),
(3214, '2019-06-20 11:16:17', '2022-08-02 12:27:24', 'Chaussures de running', 'chaussures-de-running'),
(3215, '2019-06-20 11:18:44', '2022-01-04 08:46:56', 'Chaussures de cross training', 'chaussures-de-cross-training'),
(3216, '2019-06-20 11:21:15', '2021-11-26 13:43:20', 'Legging de running et d#athlétisme', 'legging-de-running-et-d-athletisme'),
(3217, '2019-06-20 11:23:52', '2022-05-19 08:11:06', 'Pantalons de running et d#athlétisme', 'pantalons-de-running-et-d-athletisme'),
(3219, '2019-06-20 11:27:10', '2022-03-10 07:19:01', 'Sweat-shirt de running et d#athlétisme', 'sweat-shirt-de-running-et-d-athletisme'),
(3220, '2019-06-20 11:32:04', '2022-07-06 07:09:18', 'Accessoires de running et d#athlétisme', 'accessoires-de-running-et-d-athletisme'),
(3221, '2019-06-20 11:37:10', '2022-08-03 08:28:08', 'Pour voyager', 'pour-voyager'),
(3224, '2019-06-20 11:46:07', '2021-09-30 11:48:35', 'Accessoires pour la voiture', 'accessoires-pour-la-voiture'),
(3225, '2019-06-20 11:48:34', '2022-07-05 11:07:07', 'Coussins cervicaux', 'coussins-cervicaux'),
(3226, '2019-06-20 11:50:25', '2022-08-02 08:08:04', 'Trousses de toilette', 'trousses-de-toilette'),
(3227, '2019-06-20 11:52:39', '2022-08-02 10:56:15', 'Adaptateurs de prises', 'adaptateurs-de-prises'),
(3228, '2019-06-20 11:56:35', '2022-08-02 10:23:17', 'Basket-Ball', 'basket-ball'),
(3229, '2019-06-20 11:58:54', '2022-06-07 07:23:05', 'Chaussures de basket-ball', 'chaussures-de-basket-ball'),
(3230, '2019-06-20 12:02:38', '2022-08-02 10:23:17', 'Ballons de basket-ball', 'ballons-de-basket-ball'),
(3231, '2019-06-20 12:05:01', '2022-07-22 11:49:19', 'Accessoires de basket-ball', 'accessoires-de-basket-ball'),
(3235, '2019-06-20 12:13:30', '2022-08-02 08:47:06', 'Cyclisme', 'cyclisme'),
(3237, '2019-06-20 13:04:06', '2022-07-27 18:07:10', 'Casques de vélo', 'casques-de-velo'),
(3238, '2019-06-20 13:05:56', '2022-06-29 06:45:18', 'Gants de vélo', 'gants-de-velo'),
(3240, '2019-06-20 13:08:19', '2022-08-02 08:47:06', 'Accessoires de cyclisme', 'accessoires-de-cyclisme'),
(3241, '2019-06-20 13:12:20', '2022-08-03 08:20:14', 'Autres Sports', 'autres-sports'),
(3243, '2019-06-20 13:14:47', '2022-08-02 07:37:03', 'Badminton', 'badminton'),
(3244, '2019-06-20 13:16:24', '2022-06-10 06:05:08', 'Handball', 'handball'),
(3246, '2019-06-20 13:18:11', '2019-08-05 07:16:08', 'Baseball', 'baseball'),
(3248, '2019-06-20 13:20:28', '2022-07-11 05:44:13', 'Chasse et tir', 'chasse-et-tir'),
(3249, '2019-06-20 13:21:56', '2019-08-05 07:16:37', 'Frontenis', 'frontenis'),
(3251, '2019-06-20 13:23:30', '2022-07-27 18:07:25', 'Golf et mini golf', 'golf-et-mini-golf'),
(3252, '2019-06-20 13:24:49', '2022-03-08 14:09:09', 'Hockey', 'hockey'),
(3254, '2019-06-20 13:26:54', '2022-07-29 06:13:19', 'Skateboard', 'skateboard'),
(3255, '2019-06-20 13:28:37', '2021-11-26 13:59:16', 'Squash', 'squash'),
(3256, '2019-06-20 13:30:23', '2022-07-30 06:11:08', 'Tennis de table', 'tennis-de-table'),
(3257, '2019-06-20 13:31:45', '2022-07-29 06:08:06', 'Volley-ball', 'volley-ball'),
(3258, '2019-06-20 13:33:34', '2022-07-27 18:07:03', 'Arts martiaux', 'arts-martiaux'),
(3260, '2019-06-20 13:36:01', '2022-08-03 08:20:14', 'Boxe', 'boxe'),
(3261, '2019-06-20 13:37:39', '2022-07-27 11:28:19', 'Pêche', 'peche'),
(3264, '2019-06-20 13:39:13', '2022-08-02 12:28:11', 'Activités sous-marines', 'activites-sous-marines'),
(3266, '2019-06-20 13:41:34', '2022-06-17 09:19:17', 'Patinage', 'patinage'),
(3268, '2019-06-20 13:43:22', '2022-08-03 07:11:04', 'Matériel et équipement de sport', 'materiel-et-equipement-de-sport'),
(3269, '2019-06-20 13:45:20', '2022-08-03 07:11:04', 'T-shirt de sport', 't-shirt-de-sport'),
(3270, '2019-06-20 13:47:04', '2022-07-21 07:26:15', 'Ensembles pour faire du sport', 'ensembles-pour-faire-du-sport'),
(3272, '2019-06-20 13:52:51', '2022-08-02 12:25:05', 'Natation', 'natation'),
(3273, '2019-06-20 13:53:00', '2022-08-02 12:39:04', 'Pantalons de sport', 'pantalons-de-sport'),
(3274, '2019-06-20 13:54:27', '2022-07-08 05:36:14', 'Soutiens-gorge de sport', 'soutiens-gorge-de-sport'),
(3275, '2019-06-20 13:57:18', '2022-07-29 06:23:21', 'Survêtements', 'survetements'),
(3276, '2019-06-20 14:08:53', '2022-07-27 15:25:05', 'Lunettes de natation', 'lunettes-de-natation'),
(3278, '2019-06-20 14:11:54', '2022-08-01 06:23:22', 'Maillots de bain', 'maillots-de-bain'),
(3280, '2019-06-20 14:16:09', '2022-06-30 07:23:15', 'Claquettes et sabots pour natation', 'claquettes-et-sabots-pour-natation'),
(3281, '2019-06-20 14:20:52', '2022-07-05 10:03:12', 'Bonnets de natation', 'bonnets-de-natation'),
(3282, '2019-06-20 14:22:10', '2021-10-14 13:00:25', 'Chaussettes de natation', 'chaussettes-de-natation'),
(3283, '2019-06-20 14:23:44', '2021-08-03 11:53:09', 'Peignoirs', 'peignoirs'),
(3284, '2019-06-20 14:25:24', '2022-08-02 12:25:05', 'Accessories pour la natation', 'accessories-pour-la-natation'),
(3285, '2019-06-20 14:27:07', '2022-08-03 08:27:12', 'Tennis et Padel', 'tennis-et-padel'),
(3286, '2019-06-20 14:28:48', '2022-08-02 12:26:55', 'Chaussures de tennis et de padel', 'chaussures-de-tennis-et-de-padel'),
(3287, '2019-06-20 14:33:49', '2022-07-05 06:05:06', 'Maillots de tennis et de padel', 'maillots-de-tennis-et-de-padel'),
(3288, '2019-06-20 14:35:43', '2022-07-18 06:31:04', 'Balles de tennis et de padel', 'balles-de-tennis-et-de-padel'),
(3289, '2019-06-20 14:37:17', '2022-08-03 08:27:13', 'Raquettes de tennis', 'raquettes-de-tennis'),
(3290, '2019-06-20 14:38:39', '2022-08-02 07:36:22', 'Raquettes de padel', 'raquettes-de-padel'),
(3291, '2019-06-20 14:41:52', '2022-08-03 07:47:23', 'Accessoires de tennis et de padel', 'accessoires-de-tennis-et-de-padel'),
(3292, '2019-06-20 15:01:25', '2022-08-02 08:08:04', 'Sacs à dos et sacs de sport', 'sacs-a-dos-et-sacs-de-sport'),
(3293, '2019-06-20 15:03:04', '2022-07-27 15:35:54', 'Chaussettes', 'chaussettes'),
(3294, '2019-06-20 15:04:21', '2022-08-02 12:01:07', 'Sweat-shirts de sport', 'sweat-shirts-de-sport'),
(3295, '2019-06-20 15:05:50', '2022-08-02 12:28:15', 'Leggings', 'leggings'),
(3296, '2019-06-20 15:07:06', '2022-07-05 11:09:05', 'Gilets', 'gilets'),
(3297, '2019-06-20 15:08:33', '2022-08-01 12:32:19', 'Vestes de sport', 'vestes-de-sport'),
(3298, '2019-06-20 15:15:07', '2022-07-27 15:32:15', 'Casquettes de sport', 'casquettes-de-sport'),
(3299, '2019-06-20 15:16:39', '2022-07-27 18:26:09', 'Protections corporelles', 'protections-corporelles'),
(3300, '2019-06-20 15:18:52', '2022-07-05 10:18:12', 'Boussoles', 'boussoles'),
(3301, '2019-06-20 15:20:32', '2022-07-27 18:07:10', 'Tentes de camping', 'tentes-de-camping'),
(3302, '2019-06-20 15:23:25', '2022-07-12 06:04:43', 'Sacs de couchages', 'sacs-de-couchages'),
(3303, '2019-06-20 15:24:59', '2022-08-03 07:26:08', 'Bouteilles et gourdes', 'bouteilles-et-gourdes'),
(3304, '2019-06-20 15:27:52', '2022-07-27 18:26:08', 'Lanternes', 'lanternes'),
(3307, '2019-06-21 06:27:58', '2022-08-03 08:07:22', 'Vêtements de montagne', 'vetements-de-montagne'),
(3308, '2019-06-21 06:32:24', '2022-07-05 11:33:05', 'Sacs à dos et sacs', 'sacs-a-dos-et-sacs'),
(3310, '2019-06-21 06:35:48', '2022-07-27 18:04:15', 'Frigos portables', 'frigos-portables'),
(3311, '2019-06-21 06:38:51', '2022-08-02 06:05:06', 'Accessoires de camping et de montagne', 'accessoires-de-camping-et-de-montagne'),
(3312, '2019-06-21 06:40:48', '2022-08-03 06:35:06', 'Maillots de bain', 'maillots-de-bain'),
(3313, '2019-06-21 06:44:58', '2022-07-28 12:26:37', 'Claquettes et escarpins', 'claquettes-et-escarpins'),
(3314, '2019-06-21 06:48:46', '2022-07-28 11:01:09', 'Gonflables', 'gonflables'),
(3315, '2019-06-21 06:56:08', '2022-08-03 05:46:19', 'Jouets pour la plage', 'jouets-pour-la-plage'),
(3316, '2019-06-21 06:59:34', '2022-07-27 18:04:13', 'Glacières de plage', 'glacieres-de-plage'),
(3317, '2019-06-21 07:03:47', '2022-07-29 06:29:04', 'Parasols', 'parasols'),
(3318, '2019-06-21 07:07:16', '2022-07-07 09:27:15', 'Hamacs', 'hamacs'),
(3319, '2019-06-21 07:09:11', '2022-07-27 18:20:05', 'Sacs de plage', 'sacs-de-plage'),
(3320, '2019-06-21 07:11:23', '2022-07-29 06:04:08', 'Serviettes de plage et de piscine', 'serviettes-de-plage-et-de-piscine'),
(3321, '2019-06-25 13:18:28', '2022-08-03 06:05:15', 'Lunettes de plongée et de snorkeling', 'lunettes-de-plongee-et-de-snorkeling'),
(3322, '2019-06-25 13:20:55', '2022-08-03 07:33:03', 'Piscines', 'piscines'),
(3323, '2019-06-25 13:22:34', '2022-07-29 07:05:06', 'Chaise de plage et de piscine', 'chaise-de-plage-et-de-piscine'),
(3324, '2019-06-25 13:24:36', '2022-08-03 08:07:19', 'Football et futsal', 'football-et-futsal'),
(3325, '2019-06-25 13:26:33', '2022-07-22 11:49:26', 'Ballons de football', 'ballons-de-football'),
(3326, '2019-06-25 13:27:54', '2022-07-06 07:10:04', 'Balles de futsal', 'balles-de-futsal'),
(3327, '2019-06-25 13:29:41', '2022-08-02 12:25:33', 'Chaussures de futsal', 'chaussures-de-futsal'),
(3328, '2019-06-25 13:31:12', '2022-08-02 12:25:10', 'Crampons de football', 'crampons-de-football'),
(3329, '2019-06-25 13:32:38', '2022-07-16 06:07:19', 'Gants de gardien de but', 'gants-de-gardien-de-but'),
(3330, '2019-06-25 13:34:37', '2022-06-28 09:21:13', 'Maillot de football', 'maillot-de-football'),
(3331, '2019-06-25 13:36:30', '2022-07-13 05:32:05', 'Protèges-tibias de football', 'proteges-tibias-de-football'),
(3332, '2019-06-25 13:38:04', '2022-06-06 13:12:03', 'Chaussettes de football', 'chaussettes-de-football'),
(3333, '2019-06-25 15:22:08', '2022-08-01 12:32:08', 'Shorts de football et futsal', 'shorts-de-football-et-futsal'),
(3334, '2019-06-25 15:23:43', '2022-07-27 18:23:05', 'Équipements de football', 'equipements-de-football'),
(3335, '2019-06-25 15:25:07', '2021-10-29 11:52:01', 'Leggings et joggings', 'leggings-et-joggings'),
(3336, '2019-06-25 15:26:33', '2021-10-06 10:28:46', 'Shorts de gardien de but', 'shorts-de-gardien-de-but'),
(3338, '2019-06-25 15:28:21', '2022-08-03 08:07:19', 'Accessoires de football', 'accessoires-de-football'),
(3339, '2019-06-25 15:30:20', '2022-08-02 07:21:15', 'Fitness', 'fitness'),
(3340, '2019-06-25 15:31:57', '2022-05-04 10:17:03', 'Gants de musculation', 'gants-de-musculation'),
(3341, '2019-06-25 15:33:26', '2022-07-05 10:56:08', 'Bandes élastiques', 'bandes-elastiques'),
(3342, '2019-06-25 15:34:34', '2022-08-02 07:16:08', 'Steps', 'steps'),
(3344, '2019-06-25 15:35:47', '2022-06-06 12:19:21', 'Bracelets lestés', 'bracelets-lestes'),
(3346, '2019-07-23 08:15:06', '2021-11-04 14:05:11', 'Sifflets', 'sifflets'),
(3349, '2019-07-25 06:19:02', '2022-07-06 08:05:28', 'Podomètres', 'podometres'),
(3350, '2019-07-25 06:26:09', '2022-05-31 12:36:27', 'Chronomètres', 'chronometres'),
(3351, '2019-07-25 06:42:19', '2022-01-24 10:04:51', 'Sacs banane', 'sacs-banane'),
(3356, '2019-08-09 09:31:45', '2019-09-16 15:27:48', 'Dossards', 'dossards'),
(3357, '2019-08-09 09:36:15', '2022-06-30 13:22:08', 'Lampes de running', 'lampes-de-running'),
(3358, '2019-08-09 09:37:31', '2022-08-03 08:28:08', 'Kits de voyage', 'kits-de-voyage'),
(3359, '2019-08-09 09:40:42', '2022-07-05 10:41:21', 'Étiquettes à bagages', 'etiquettes-a-bagages'),
(3360, '2019-08-09 09:43:49', '2022-07-05 11:08:08', 'Porte-documents de voyage', 'porte-documents-de-voyage'),
(3361, '2019-08-09 09:45:05', '2022-07-05 11:08:06', 'Couvertures de voyage', 'couvertures-de-voyage'),
(3362, '2019-08-09 09:46:28', '2022-06-10 12:14:07', 'Pompes à air', 'pompes-a-air'),
(3363, '2019-08-09 09:47:46', '2021-10-14 08:04:11', 'Aiguilles pour pompes à air', 'aiguilles-pour-pompes-a-air'),
(3364, '2019-08-09 09:49:16', '2022-02-08 10:05:41', 'Phares et éclairage pour cyclisme', 'phares-et-eclairage-pour-cyclisme'),
(3365, '2019-08-09 09:50:44', '2022-05-05 12:31:10', 'Rugby', 'rugby'),
(3366, '2019-08-09 09:52:28', '2022-03-10 09:42:34', 'Moniteurs de fréquence cardiaque', 'moniteurs-de-frequence-cardiaque'),
(3367, '2019-08-09 09:53:43', '2022-04-08 10:57:06', 'Jumelles', 'jumelles'),
(3368, '2019-08-09 09:56:21', '2022-07-20 13:23:10', 'Stylos', 'stylos'),
(3370, '2019-08-09 10:00:39', '2022-06-28 07:58:04', 'Shorts et bermudas', 'shorts-et-bermudas'),
(3372, '2019-08-09 10:04:14', '2022-07-11 11:24:04', 'Bottes', 'bottes'),
(3373, '2019-08-09 10:05:09', '2022-06-01 11:51:04', 'Sandales', 'sandales'),
(3375, '2019-08-09 10:07:07', '2022-07-04 06:16:10', 'Leggings', 'leggings'),
(3377, '2019-09-16 09:27:25', '2022-07-19 07:49:11', 'Flotteurs gonflables', 'flotteurs-gonflables'),
(3378, '2019-09-16 09:31:04', '2022-05-17 06:01:19', 'Matelas gonflables', 'matelas-gonflables'),
(3379, '2019-09-16 10:21:40', '2022-07-30 06:05:10', 'Ballons de plage', 'ballons-de-plage'),
(3380, '2019-09-16 10:30:59', '2022-07-05 10:24:16', 'Tableau de notes', 'tableau-de-notes'),
(3381, '2019-09-16 10:32:19', '2022-07-05 11:12:08', 'Sièges gonflables', 'sieges-gonflables'),
(3382, '2019-09-16 10:33:33', '2022-07-31 06:02:06', 'Agendas', 'agendas'),
(3383, '2019-09-16 10:34:59', '2022-01-14 12:05:42', 'Calendriers', 'calendriers'),
(3384, '2019-09-16 10:36:52', '2022-08-01 13:06:26', 'Sets de papeterie', 'sets-de-papeterie'),
(3385, '2019-09-16 10:39:19', '2022-06-22 12:05:50', 'Surligneurs', 'surligneurs'),
(3386, '2019-09-16 10:40:34', '2022-06-17 06:16:09', 'Brassards', 'brassards'),
(3387, '2019-09-16 10:42:12', '2019-09-16 15:27:48', 'Porte-crayons', 'porte-crayons'),
(3388, '2019-09-16 10:43:25', '2022-07-30 06:15:07', 'Tableaux noirs', 'tableaux-noirs'),
(3389, '2019-09-16 10:43:26', '2022-06-09 12:18:06', 'Palmes de plongée', 'palmes-de-plongee'),
(3390, '2019-09-16 10:44:26', '2022-07-05 11:15:09', 'Gommes', 'gommes'),
(3391, '2019-09-16 10:45:34', '2022-07-20 13:23:31', 'Taille-crayons', 'taille-crayons'),
(3392, '2019-09-16 10:46:49', '2022-07-05 11:35:06', 'Règles', 'regles'),
(3393, '2019-09-16 10:48:11', '2022-07-27 18:07:14', 'Feutres', 'feutres'),
(3394, '2019-09-16 10:49:32', '2022-07-06 06:08:10', 'Crayons de couleur', 'crayons-de-couleur'),
(3395, '2019-09-16 10:51:06', '2022-07-05 11:12:06', 'Crayons gras de couleur', 'crayons-gras-de-couleur'),
(3396, '2019-09-16 10:51:57', '2022-07-05 11:28:07', 'Crayons', 'crayons'),
(3397, '2019-09-16 10:52:16', '2021-11-24 16:26:21', 'Dossard sportifs', 'dossard-sportifs'),
(3398, '2019-09-16 10:53:47', '2022-07-27 18:10:15', 'Porte-documents', 'porte-documents'),
(3399, '2019-09-16 10:55:43', '2022-08-02 13:28:09', 'Dossiers', 'dossiers'),
(3400, '2019-09-16 10:57:07', '2019-09-16 15:27:48', 'Filet porte-ballon', 'filet-porte-ballon'),
(3401, '2019-09-16 10:57:49', '2022-07-07 07:54:23', 'Calculatrices', 'calculatrices'),
(3402, '2019-09-16 10:58:55', '2022-07-17 06:01:05', 'Trombones', 'trombones'),
(3404, '2019-09-16 10:59:36', '2022-04-06 06:05:07', 'Crèmes visage protectrices en spray', 'cremes-visage-protectrices-en-spray'),
(3405, '2019-09-16 11:00:14', '2022-07-27 18:06:09', 'Adhésifs', 'adhesifs'),
(3407, '2019-09-16 11:01:37', '2022-07-05 10:52:11', 'Étiquettes adhésives', 'etiquettes-adhesives'),
(3408, '2019-09-16 11:01:41', '2022-08-03 06:05:13', 'Crème protectrice solaire pour le corps en spray', 'creme-protectrice-solaire-pour-le-corps-en-spray'),
(3409, '2019-09-16 11:04:00', '2022-06-23 14:57:26', 'Spray bronzant', 'spray-bronzant'),
(3410, '2019-09-16 11:04:07', '2022-07-27 18:08:03', 'Blocs-notes', 'blocs-notes'),
(3411, '2019-09-16 11:06:00', '2022-07-05 11:39:06', 'Cahiers', 'cahiers'),
(3412, '2019-09-16 11:07:25', '2021-08-17 11:49:27', 'Sets de sprays d#écrans solaires', 'sets-de-sprays-d-ecrans-solaires'),
(3413, '2019-09-16 11:08:18', '2022-07-25 13:16:24', 'Sprays autobronzants', 'sprays-autobronzants'),
(3414, '2019-09-16 11:14:56', '2019-09-16 15:27:48', 'Sprays accélérateurs de bronzage', 'sprays-accelerateurs-de-bronzage'),
(3415, '2019-09-16 11:17:34', '2022-03-19 07:26:55', 'Spray après-solaire', 'spray-apres-solaire'),
(3416, '2019-09-16 11:20:30', '2019-09-16 15:27:48', 'Protection solaire capillaire', 'protection-solaire-capillaire'),
(3417, '2019-09-16 11:23:00', '2022-07-27 06:09:08', 'Spray protection solaire pour enfants', 'spray-protection-solaire-pour-enfants'),
(3419, '2019-09-16 11:36:58', '2021-08-17 11:49:27', 'Lots d#écrans solaires', 'lots-d-ecrans-solaires'),
(3420, '2019-09-16 11:38:17', '2022-01-11 12:30:50', 'Spray de protection solaire capillaire', 'spray-de-protection-solaire-capillaire'),
(3421, '2019-09-16 11:39:33', '2022-07-27 06:09:08', 'Écrans solaires pour enfants ', 'ecrans-solaires-pour-enfants'),
(3423, '2020-04-15 08:30:11', '2022-07-11 09:14:20', 'Draps', 'draps'),
(3424, '2020-05-18 14:34:00', '2021-11-16 08:33:01', 'Housses de canapé', 'housses-de-canape'),
(3426, '2020-05-28 06:24:47', '2022-06-01 09:18:33', 'Housses de couette', 'housses-de-couette'),
(3427, '2020-05-28 06:29:58', '2022-07-07 12:04:08', 'Couettes', 'couettes'),
(3428, '2020-05-28 06:34:15', '2022-05-30 09:12:23', 'Sacs de couchage', 'sacs-de-couchage'),
(3429, '2020-05-28 06:36:23', '2020-12-22 12:37:27', 'Tours de lit', 'tours-de-lit'),
(3430, '2020-05-28 06:41:49', '2022-07-25 11:39:14', 'Peignoirs', 'peignoirs'),
(3431, '2020-05-28 06:44:24', '2022-07-27 18:00:15', 'Rideaux', 'rideaux'),
(3432, '2020-05-28 06:47:35', '2022-06-15 07:56:05', 'Stores', 'stores'),
(3433, '2020-05-28 06:50:27', '2022-07-30 06:11:09', 'Figurines d#action', 'figurines-d-action'),
(3434, '2020-05-28 06:53:58', '2022-08-01 09:47:06', 'Jouets animaux', 'jouets-animaux'),
(3435, '2020-05-28 06:58:03', '2022-08-03 05:36:15', 'Vélos d#enfant', 'velos-d-enfant'),
(3436, '2020-12-04 13:44:28', '2022-07-18 09:36:16', 'Dance and Gymnastics', 'dance-and-gymnastics'),
(3437, '2020-12-09 09:08:25', '2022-08-02 12:13:03', 'Accessoires pour Voitures', 'accessoires-pour-voitures'),
(3438, '2020-12-09 09:29:29', '2022-08-02 10:39:20', 'Vêtements et accessoires de racing', 'vetements-et-accessoires-de-racing'),
(3444, '2020-12-09 09:50:48', '2022-07-05 10:39:14', 'Vêtements et accessoires de karting', 'vetements-et-accessoires-de-karting'),
(3445, '2020-12-09 09:56:29', '2022-07-29 07:36:04', 'Pièces détachées et de rechange pour voitures', 'pieces-detachees-et-de-rechange-pour-voitures'),
(3447, '2020-12-09 10:01:19', '2022-08-01 07:52:15', 'Nettoyage et entretien de véhicule', 'nettoyage-et-entretien-de-vehicule'),
(3448, '2020-12-09 10:06:26', '2022-07-28 19:05:10', 'Protection et sécurité dans les voitures', 'protection-et-securite-dans-les-voitures'),
(3449, '2020-12-09 10:10:05', '2022-06-22 11:02:16', 'Éclairage et ampoules de voitures LED/HID', 'eclairage-et-ampoules-de-voitures-led-hid'),
(3450, '2020-12-09 10:12:41', '2022-07-26 15:18:11', 'Peintures et accessoires de peinture', 'peintures-et-accessoires-de-peinture'),
(3452, '2020-12-09 10:15:20', '2022-07-29 07:57:13', 'Vêtements et accessoires de travail pour mécaniciens', 'vetements-et-accessoires-de-travail-pour-mecaniciens'),
(3454, '2020-12-09 10:58:38', '2022-07-27 18:08:08', 'Sièges et accessoires pour véhicules', 'sieges-et-accessoires-pour-vehicules'),
(3455, '2020-12-09 11:00:42', '2022-07-28 16:49:22', 'Accessoires et organiseurs de véhicules', 'accessoires-et-organiseurs-de-vehicules'),
(3456, '2020-12-09 11:02:47', '2022-08-02 06:11:22', 'Produits d#entretien pour voitures', 'produits-d-entretien-pour-voitures'),
(3457, '2020-12-09 11:05:17', '2022-08-02 12:13:03', 'Capteurs et électronique automobiles', 'capteurs-et-electronique-automobiles'),
(3458, '2020-12-09 11:07:10', '2022-07-22 11:41:21', 'Produits d#entretien de moto', 'produits-d-entretien-de-moto'),
(3459, '2020-12-09 11:09:04', '2022-06-30 05:25:05', 'Batteries de voiture', 'batteries-de-voiture'),
(3460, '2020-12-09 11:11:13', '2022-06-15 06:16:14', 'Autocollants et tuning', 'autocollants-et-tuning'),
(3461, '2020-12-09 11:14:05', '2022-07-28 19:05:23', 'Kits d#urgence et de réparation', 'kits-d-urgence-et-de-reparation'),
(3462, '2021-06-29 12:01:46', '2022-07-28 06:03:05', 'Compléments alimentaires', 'complements-alimentaires'),
(3463, '2021-06-29 12:01:46', '2022-08-03 06:30:10', 'Alimentation', 'alimentation'),
(3464, '2021-06-29 12:01:46', '2022-07-27 18:22:09', 'Conserves et plats cuisinés', 'conserves-et-plats-cuisines'),
(3465, '2021-06-29 12:01:46', '2022-07-27 18:21:07', 'Épices, bouillons et soupes', 'epices-bouillons-et-soupes'),
(3466, '2021-06-29 12:01:46', '2022-06-15 06:15:05', 'Olives et cornichons', 'olives-et-cornichons'),
(3467, '2021-06-29 12:01:46', '2022-07-29 09:04:33', 'Mayonnaise, sauces et huiles', 'mayonnaise-sauces-et-huiles'),
(3468, '2021-06-29 12:01:46', '2022-07-27 18:21:06', 'Riz et pâtes', 'riz-et-pates'),
(3469, '2021-06-29 12:01:46', '2021-09-07 16:01:25', 'Pâtés', 'pates'),
(3470, '2021-06-29 12:01:46', '2022-08-03 06:30:10', 'Boissons, sodas et infusions', 'boissons-sodas-et-infusions'),
(3471, '2021-06-29 12:01:46', '2022-07-27 18:20:15', 'Snacks', 'snacks'),
(3472, '2021-06-29 12:01:46', '2021-11-18 13:50:07', 'Pains et farines', 'pains-et-farines'),
(3473, '2021-06-29 12:01:46', '2022-07-11 05:58:06', 'Alimentation bébé', 'alimentation-bebe'),
(3474, '2021-06-29 12:01:46', '2022-06-22 08:27:10', 'Sucres et édulcorants', 'sucres-et-edulcorants'),
(3475, '2021-06-29 12:01:46', '2022-08-02 12:13:09', 'Petit-déjeuner et produits laitiers', 'petit-dejeuner-et-produits-laitiers'),
(3476, '2021-06-29 12:01:46', '2022-08-01 09:59:06', 'Aliments pour animaux', 'aliments-pour-animaux'),
(3477, '2021-06-29 12:01:46', '2022-07-21 07:57:16', 'Film alimentaire et sacs de conservation', 'film-alimentaire-et-sacs-de-conservation');

-- --------------------------------------------------------

--
-- Structure de la table `client`
--

DROP TABLE IF EXISTS `client`;
CREATE TABLE IF NOT EXISTS `client` (
  `id` bigint(20) NOT NULL AUTO_INCREMENT,
  `address` varchar(255) DEFAULT NULL,
  `country` varchar(255) DEFAULT NULL,
  `email` varchar(255) DEFAULT NULL,
  `enabled` bit(1) NOT NULL,
  `first_name` varchar(255) DEFAULT NULL,
  `last_name` varchar(255) DEFAULT NULL,
  `password` varchar(255) DEFAULT NULL,
  `phone` varchar(255) DEFAULT NULL,
  `postcode` varchar(255) DEFAULT NULL,
  `town` varchar(255) DEFAULT NULL,
  `verification_code` varchar(255) DEFAULT NULL,
  PRIMARY KEY (`id`)
) ENGINE=InnoDB AUTO_INCREMENT=8 DEFAULT CHARSET=utf8;

--
-- Déchargement des données de la table `client`
--

INSERT INTO `client` (`id`, `address`, `country`, `email`, `enabled`, `first_name`, `last_name`, `password`, `phone`, `postcode`, `town`, `verification_code`) VALUES
(6, NULL, NULL, NULL, b'0', NULL, NULL, '$2a$10$fBXHWm7deB9neeT2qOXWLeG5iL/QKiqLjW8fMn345kRb0QRvWd35y', NULL, NULL, NULL, NULL),
(7, 'nabeul', NULL, 'benrjebferiel@gmail.com', b'0', 'feriel', 'benRjab', '$2a$10$AIiuKr3sWYXBv7qbiYp4aO7WnZv5yet1zv7OaOQenPRYhQGNCuNlG', '12345678', NULL, NULL, 'r6Z0b9SIUT1FPNujyNXF30sVuDFbuGhlBtCPrcoyop4fEfjdlLMUanGyCV67xZNv');

-- --------------------------------------------------------

--
-- Structure de la table `employee`
--

DROP TABLE IF EXISTS `employee`;
CREATE TABLE IF NOT EXISTS `employee` (
  `id` bigint(20) NOT NULL AUTO_INCREMENT,
  `email` varchar(255) DEFAULT NULL,
  `first_name` varchar(255) DEFAULT NULL,
  `last_name` varchar(255) DEFAULT NULL,
  `password` varchar(255) DEFAULT NULL,
  `role` int(11) DEFAULT NULL,
  PRIMARY KEY (`id`)
) ENGINE=InnoDB AUTO_INCREMENT=2 DEFAULT CHARSET=utf8;

--
-- Déchargement des données de la table `employee`
--

INSERT INTO `employee` (`id`, `email`, `first_name`, `last_name`, `password`, `role`) VALUES
(1, NULL, 'nada', 'ben taarit', '123', NULL);

-- --------------------------------------------------------

--
-- Structure de la table `images`
--

DROP TABLE IF EXISTS `images`;
CREATE TABLE IF NOT EXISTS `images` (
  `id` bigint(20) NOT NULL,
  `is_cover` varchar(255) DEFAULT NULL,
  `name` varchar(255) DEFAULT NULL,
  `url` varchar(255) DEFAULT NULL,
  `product_id` bigint(20) DEFAULT NULL,
  PRIMARY KEY (`id`),
  KEY `FK8sfun6tj1hqb85ed52o8mkqyh` (`product_id`)
) ENGINE=InnoDB DEFAULT CHARSET=utf8;

--
-- Déchargement des données de la table `images`
--

INSERT INTO `images` (`id`, `is_cover`, `name`, `url`, `product_id`) VALUES
(1551537, 'true', '8445484182750_S0732876_P01', 'https://cdnbigbuy.com/images/8445484182750_S0732876_P01.jpg', 381930),
(1551540, 'false', '8445484182729_S0732873_P01', 'https://cdnbigbuy.com/images/8445484182729_S0732873_P01.jpg', 381930),
(1551543, 'false', '8445484182736_S0732874_P31', 'https://cdnbigbuy.com/images/8445484182736_S0732874_P31.jpg', 381930),
(1551545, 'false', '8445484182729_S0732873_P41', 'https://cdnbigbuy.com/images/8445484182729_S0732873_P41.jpg', 381930),
(1551548, 'false', '8445484182767_S0732877_P01', 'https://cdnbigbuy.com/images/8445484182767_S0732877_P01.jpg', 381930),
(1551551, 'false', '25282_JIT-21-TALLAS-calzado-infantil-licencias-071', 'https://cdnbigbuy.com/images/25282_JIT-21-TALLAS-calzado-infantil-licencias-071.jpg', 381930),
(1551576, 'true', '8445484182378_S0732298_P01', 'https://cdnbigbuy.com/images/8445484182378_S0732298_P01.jpg', 381936),
(1551577, 'false', '8445484182415_S0732299_P01', 'https://cdnbigbuy.com/images/8445484182415_S0732299_P01.jpg', 381936),
(1551578, 'false', '8445484182361_S0732296_P11', 'https://cdnbigbuy.com/images/8445484182361_S0732296_P11.jpg', 381936),
(1551579, 'false', '8445484182361_S0732296_P41', 'https://cdnbigbuy.com/images/8445484182361_S0732296_P41.jpg', 381936),
(1551580, 'false', '8445484182392_S0732297_P21', 'https://cdnbigbuy.com/images/8445484182392_S0732297_P21.jpg', 381936),
(1551581, 'false', '25277_JIT-21-TALLAS-calzado-infantil-licencias-071', 'https://cdnbigbuy.com/images/25277_JIT-21-TALLAS-calzado-infantil-licencias-071.jpg', 381936),
(1551587, 'true', '8445484184174_S0732887_P01', 'https://cdnbigbuy.com/images/8445484184174_S0732887_P01.jpg', 381938),
(1551588, 'false', '8445484184174_S0732887_P11', 'https://cdnbigbuy.com/images/8445484184174_S0732887_P11.jpg', 381938),
(1551589, 'false', '8445484184181_S0732888_P01', 'https://cdnbigbuy.com/images/8445484184181_S0732888_P01.jpg', 381938),
(1551590, 'false', '8445484184181_S0732888_P11', 'https://cdnbigbuy.com/images/8445484184181_S0732888_P11.jpg', 381938),
(1551591, 'false', '8445484184204_S0732890_P11', 'https://cdnbigbuy.com/images/8445484184204_S0732890_P11.jpg', 381938),
(1551592, 'false', '8445484184211_S0732891_P01', 'https://cdnbigbuy.com/images/8445484184211_S0732891_P01.jpg', 381938),
(1551593, 'true', '8445484182491_S0732343_P01', 'https://cdnbigbuy.com/images/8445484182491_S0732343_P01.jpg', 381939),
(1551594, 'false', '8445484184211_S0732891_P11', 'https://cdnbigbuy.com/images/8445484184211_S0732891_P11.jpg', 381938),
(1551595, 'false', '8445484182521_S0732316_P01', 'https://cdnbigbuy.com/images/8445484182521_S0732316_P01.jpg', 381939),
(1551596, 'false', '25304_JIT-21-TALLAS-calzado-infantil-licencias-071', 'https://cdnbigbuy.com/images/25304_JIT-21-TALLAS-calzado-infantil-licencias-071.jpg', 381938),
(1551597, 'false', '8445484182507_S0732344_P01', 'https://cdnbigbuy.com/images/8445484182507_S0732344_P01.jpg', 381939),
(1551598, 'false', '8445484182484_S0732319_P31', 'https://cdnbigbuy.com/images/8445484182484_S0732319_P31.jpg', 381939),
(1551599, 'false', '8445484182521_S0732316_P11', 'https://cdnbigbuy.com/images/8445484182521_S0732316_P11.jpg', 381939),
(1551600, 'false', '25279_JIT-21-TALLAS-calzado-infantil-licencias-071', 'https://cdnbigbuy.com/images/25279_JIT-21-TALLAS-calzado-infantil-licencias-071.jpg', 381939);

-- --------------------------------------------------------

--
-- Structure de la table `notification`
--

DROP TABLE IF EXISTS `notification`;
CREATE TABLE IF NOT EXISTS `notification` (
  `id` bigint(20) NOT NULL AUTO_INCREMENT,
  `attachment` varchar(255) DEFAULT NULL,
  `msg_body` varchar(255) DEFAULT NULL,
  `subject` varchar(255) DEFAULT NULL,
  `employee_id` bigint(20) DEFAULT NULL,
  `orders_id` bigint(20) DEFAULT NULL,
  PRIMARY KEY (`id`),
  KEY `FK858apfribgisso7wslgvebtxy` (`employee_id`),
  KEY `FK3d4p07vo663yhu41hhh44cwlf` (`orders_id`)
) ENGINE=InnoDB DEFAULT CHARSET=utf8;

-- --------------------------------------------------------

--
-- Structure de la table `orders`
--

DROP TABLE IF EXISTS `orders`;
CREATE TABLE IF NOT EXISTS `orders` (
  `id` bigint(20) NOT NULL,
  `address` varchar(255) DEFAULT NULL,
  `date_order` datetime DEFAULT NULL,
  `payment_method` varchar(255) DEFAULT NULL,
  `status` varchar(255) DEFAULT NULL,
  `client_id` bigint(20) DEFAULT NULL,
  PRIMARY KEY (`id`),
  KEY `FK17yo6gry2nuwg2erwhbaxqbs9` (`client_id`)
) ENGINE=InnoDB DEFAULT CHARSET=utf8;

--
-- Déchargement des données de la table `orders`
--

INSERT INTO `orders` (`id`, `address`, `date_order`, `payment_method`, `status`, `client_id`) VALUES
(1, 'tunis', '2022-07-13 00:00:00', NULL, NULL, 6);

-- --------------------------------------------------------

--
-- Structure de la table `payment`
--

DROP TABLE IF EXISTS `payment`;
CREATE TABLE IF NOT EXISTS `payment` (
  `id` bigint(20) NOT NULL AUTO_INCREMENT,
  PRIMARY KEY (`id`)
) ENGINE=InnoDB DEFAULT CHARSET=utf8;

-- --------------------------------------------------------

--
-- Structure de la table `product`
--

DROP TABLE IF EXISTS `product`;
CREATE TABLE IF NOT EXISTS `product` (
  `id` bigint(20) NOT NULL,
  `categories` varchar(255) DEFAULT NULL,
  `date_upd` datetime DEFAULT NULL,
  `date_upd_description` datetime DEFAULT NULL,
  `date_upd_images` datetime DEFAULT NULL,
  `date_upd_stock` datetime DEFAULT NULL,
  `depth` float DEFAULT NULL,
  `height` float DEFAULT NULL,
  `in_shops_price` float DEFAULT NULL,
  `retail_price` float DEFAULT NULL,
  `sku` varchar(255) DEFAULT NULL,
  `weight` float DEFAULT NULL,
  `wholesale_price` float DEFAULT NULL,
  `width` float DEFAULT NULL,
  `category_id` bigint(20) DEFAULT NULL,
  `orders_id` bigint(20) DEFAULT NULL,
  `shopping_cart_id` bigint(20) DEFAULT NULL,
  `description` longtext,
  `iso_code` varchar(255) DEFAULT NULL,
  `name` varchar(255) DEFAULT NULL,
  `url` varchar(255) DEFAULT NULL,
  PRIMARY KEY (`id`),
  KEY `FK1mtsbur82frn64de7balymq9s` (`category_id`),
  KEY `FKdyj22ipyymjdxqxa6t95nlor8` (`orders_id`),
  KEY `FKl7dpyhchyarwex6fkqlyu7p28` (`shopping_cart_id`)
) ENGINE=InnoDB DEFAULT CHARSET=utf8;

--
-- Déchargement des données de la table `product`
--

INSERT INTO `product` (`id`, `categories`, `date_upd`, `date_upd_description`, `date_upd_images`, `date_upd_stock`, `depth`, `height`, `in_shops_price`, `retail_price`, `sku`, `weight`, `wholesale_price`, `width`, `category_id`, `orders_id`, `shopping_cart_id`, `description`, `iso_code`, `name`, `url`) VALUES
(381930, 'true', NULL, NULL, NULL, NULL, 0, 0, 0, 0, NULL, 0, 0, 0, NULL, NULL, 1, NULL, NULL, NULL, NULL),
(381936, 'true', '2022-08-04 12:22:58', '2022-08-04 12:22:58', '2022-08-04 12:22:56', '2022-08-04 12:22:58', 4, 2.1, 14.99, 9.29, 'S0732963', 0, 7.43, 3.1, 2902, NULL, NULL, 'Les enfants méritent ce qu’il y a de mieux, nous vous présentons donc <b>Chaussons Pour Enfant 3D The Paw Patrol Gris clair</b>, idéal pour ceux qui cherchent des produits de qualité pour les plus petits ! Procurez-vous <b>The Paw Patrol</b> et bien d’autres marques et licences aux meilleurs prix !<br><ul><li>Matériel: <ul><li>Polyester</li><li>TPR</li><li>Coton</li></ul></li><li>Couleur: Gris clair</li><li>Genre: Enfant</li><li>Style: Casual</li><li>Caractéristiques: Antidérapant</li><li>Type de fermeture: Velcro</li></ul>', 'fr', 'Chaussons Pour Enfant 3D The Paw Patrol Gris clair', 'chaussons-pour-enfant-3d-the-paw-patrol-gris-clair_381936'),
(381938, 'true', '2022-08-04 12:23:20', '2022-08-04 12:23:20', '2022-08-04 12:23:19', '2022-08-04 12:23:20', 4, 2.1, 14.99, 8.19, 'S0732990', 0, 6.88, 3.1, 2902, NULL, NULL, 'Les enfants méritent ce qu’il y a de mieux, nous vous présentons donc <b>Chaussons Pour Enfant 3D Blue Bleu foncé</b>, idéal pour ceux qui cherchent des produits de qualité pour les plus petits ! Procurez-vous <b>Blue</b> et bien d’autres marques et licences aux meilleurs prix !<br><ul><li>Matériel: <ul><li>Polyester</li><li>TPR</li><li>Coton</li></ul></li><li>Couleur: Bleu foncé</li><li>Genre: Enfant</li><li>Style: Casual</li><li>Caractéristiques: Antidérapant</li><li>Type de fermeture: Velcro</li></ul>', 'fr', 'Chaussons Pour Enfant 3D Blue Bleu foncé', 'chaussons-pour-enfant-3d-blue-bleu-fonce_381938'),
(381939, 'true', '2022-08-04 12:23:26', '2022-08-04 12:23:26', '2022-08-04 12:23:24', '2022-08-04 12:23:26', 4.4, 2.3, 14.99, 9.29, 'S0732965', 0, 7.43, 3.3, 2902, NULL, NULL, 'Les enfants méritent ce qu’il y a de mieux, nous vous présentons donc <b>Chaussons Pour Enfant 3D Looney Tunes Jaune</b>, idéal pour ceux qui cherchent des produits de qualité pour les plus petits ! Procurez-vous <b>Looney Tunes</b> et bien d’autres marques et licences aux meilleurs prix !<br><ul><li>Couleur: Jaune</li><li>Matériel: <ul><li>Polyester</li><li>TPR</li><li>Coton</li></ul></li><li>Genre: Enfant</li><li>Style: Casual</li><li>Caractéristiques: Antidérapant</li><li>Type de fermeture: Velcro</li></ul>', 'fr', 'Chaussons Pour Enfant 3D Looney Tunes Jaune', 'chaussons-pour-enfant-3d-looney-tunes-jaune_381939');

-- --------------------------------------------------------

--
-- Structure de la table `promotion`
--

DROP TABLE IF EXISTS `promotion`;
CREATE TABLE IF NOT EXISTS `promotion` (
  `id` bigint(20) NOT NULL AUTO_INCREMENT,
  `date_creation` datetime DEFAULT NULL,
  `date_debut` datetime DEFAULT NULL,
  `date_fin` datetime DEFAULT NULL,
  `description` varchar(255) DEFAULT NULL,
  `pourcentage_reduction` int(11) NOT NULL,
  `employee_id` bigint(20) DEFAULT NULL,
  `product_id` bigint(20) DEFAULT NULL,
  `pourcentage_augmentation` int(11) NOT NULL,
  PRIMARY KEY (`id`),
  KEY `FKo3xqgptgqkhtwmfejsdnvgcq3` (`employee_id`),
  KEY `FKiapjua98u0ltg8nuw9s84iyme` (`product_id`)
) ENGINE=InnoDB AUTO_INCREMENT=7 DEFAULT CHARSET=utf8;

--
-- Déchargement des données de la table `promotion`
--

INSERT INTO `promotion` (`id`, `date_creation`, `date_debut`, `date_fin`, `description`, `pourcentage_reduction`, `employee_id`, `product_id`, `pourcentage_augmentation`) VALUES
(6, '2022-07-31 08:46:11', NULL, NULL, 'promotion updated', 0, NULL, NULL, 0);

-- --------------------------------------------------------

--
-- Structure de la table `reclamation`
--

DROP TABLE IF EXISTS `reclamation`;
CREATE TABLE IF NOT EXISTS `reclamation` (
  `id` bigint(20) NOT NULL AUTO_INCREMENT,
  `attachment` varchar(255) DEFAULT NULL,
  `msg_body` varchar(255) DEFAULT NULL,
  `subject` varchar(255) DEFAULT NULL,
  `client_id` bigint(20) DEFAULT NULL,
  PRIMARY KEY (`id`),
  KEY `FKikmdq7b43g8ytjogg0bsxtu2n` (`client_id`)
) ENGINE=InnoDB DEFAULT CHARSET=utf8;

-- --------------------------------------------------------

--
-- Structure de la table `review`
--

DROP TABLE IF EXISTS `review`;
CREATE TABLE IF NOT EXISTS `review` (
  `id` bigint(20) NOT NULL AUTO_INCREMENT,
  `date_review` datetime DEFAULT NULL,
  `feedback` varchar(255) DEFAULT NULL,
  `rate` int(11) NOT NULL,
  `client_id` bigint(20) DEFAULT NULL,
  `product_id` bigint(20) DEFAULT NULL,
  PRIMARY KEY (`id`),
  KEY `FKhr2oxqr7hu3upmi4hvg9g0ghp` (`client_id`),
  KEY `FKiyof1sindb9qiqr9o8npj8klt` (`product_id`)
) ENGINE=InnoDB DEFAULT CHARSET=utf8;

-- --------------------------------------------------------

--
-- Structure de la table `shipping_countries`
--

DROP TABLE IF EXISTS `shipping_countries`;
CREATE TABLE IF NOT EXISTS `shipping_countries` (
  `iso_country` varchar(255) DEFAULT NULL,
  `carriers_id` bigint(20) DEFAULT NULL,
  `id` int(11) NOT NULL AUTO_INCREMENT,
  PRIMARY KEY (`id`),
  KEY `FKcor9peryyaqgt9xl37vxyqf9` (`carriers_id`)
) ENGINE=InnoDB AUTO_INCREMENT=853 DEFAULT CHARSET=utf8;

--
-- Déchargement des données de la table `shipping_countries`
--

INSERT INTO `shipping_countries` (`iso_country`, `carriers_id`, `id`) VALUES
('ES', 1, 1),
('AD', 1, 2),
('ES', 2, 3),
('AD', 2, 4),
('PT', 3, 5),
('ES', 3, 6),
('FR', 3, 7),
('DE', 3, 8),
('BE', 3, 9),
('LU', 3, 10),
('DK', 3, 11),
('NL', 3, 12),
('AT', 3, 13),
('CZ', 3, 14),
('IT', 3, 15),
('HU', 3, 16),
('EE', 3, 17),
('LT', 3, 18),
('LV', 3, 19),
('BG', 3, 20),
('GR', 3, 21),
('MT', 3, 22),
('CY', 3, 23),
('PL', 3, 24),
('SK', 3, 25),
('SI', 3, 26),
('RO', 3, 27),
('IE', 3, 28),
('CH', 3, 29),
('HR', 3, 30),
('FI', 3, 31),
('NO', 3, 32),
('SE', 3, 33),
('GB', 3, 34),
('ES', 4, 35),
('PT', 4, 36),
('FR', 4, 37),
('DE', 4, 38),
('BE', 4, 39),
('LU', 4, 40),
('NL', 4, 41),
('AT', 4, 42),
('IT', 4, 43),
('GB', 4, 44),
('DK', 4, 45),
('CZ', 4, 46),
('SK', 4, 47),
('HU', 4, 48),
('SI', 4, 49),
('SE', 4, 50),
('FI', 4, 51),
('PL', 4, 52),
('RO', 4, 53),
('IE', 4, 54),
('LV', 4, 55),
('EE', 4, 56),
('BG', 4, 57),
('GR', 4, 58),
('LT', 4, 59),
('HR', 4, 60),
('IT', 6, 61),
('DE', 6, 62),
('MC', 6, 63),
('VA', 6, 64),
('CH', 6, 65),
('NO', 6, 66),
('LI', 6, 67),
('SM', 6, 68),
('GR', 6, 69),
('IS', 6, 70),
('MT', 6, 71),
('GE', 6, 72),
('MA', 6, 73),
('IL', 6, 74),
('TN', 6, 75),
('GI', 6, 76),
('AD', 6, 77),
('AE', 6, 78),
('JP', 6, 79),
('HK', 6, 80),
('KR', 6, 81),
('BZ', 6, 82),
('BM', 6, 83),
('GP', 6, 84),
('MQ', 6, 85),
('TW', 6, 86),
('TH', 6, 87),
('TC', 6, 88),
('KZ', 6, 89),
('ZA', 6, 90),
('DZ', 6, 91),
('NE', 6, 92),
('GF', 6, 93),
('UZ', 6, 94),
('OM', 6, 95),
('LA', 6, 96),
('PK', 6, 97),
('TG', 6, 98),
('LB', 6, 99),
('GA', 6, 100),
('YT', 6, 101),
('IR', 6, 102),
('QA', 6, 103),
('GH', 6, 104),
('BH', 6, 105),
('PT', 6, 106),
('AZ', 6, 107),
('MK', 6, 108),
('TR', 6, 109),
('UA', 6, 110),
('CN', 6, 111),
('AG', 6, 112),
('BS', 6, 113),
('BD', 6, 114),
('DM', 6, 115),
('JM', 6, 116),
('MS', 6, 117),
('SR', 6, 118),
('KY', 6, 119),
('CK', 6, 120),
('SD', 6, 121),
('AF', 6, 122),
('GL', 6, 123),
('KG', 6, 124),
('MV', 6, 125),
('SZ', 6, 126),
('TZ', 6, 127),
('ET', 6, 128),
('TO', 6, 129),
('BI', 6, 130),
('CM', 6, 131),
('CV', 6, 132),
('GM', 6, 133),
('LR', 6, 134),
('MZ', 6, 135),
('YE', 6, 136),
('CG', 6, 137),
('MO', 6, 138),
('GN', 6, 139),
('EG', 6, 140),
('BY', 6, 141),
('FO', 6, 142),
('MD', 6, 143),
('ME', 6, 144),
('RS', 6, 145),
('AL', 6, 146),
('BA', 6, 147),
('AI', 6, 148),
('AW', 6, 149),
('BB', 6, 150),
('BN', 6, 151),
('GD', 6, 152),
('NR', 6, 153),
('SB', 6, 154),
('TJ', 6, 155),
('TT', 6, 156),
('VG', 6, 157),
('VI', 6, 158),
('SA', 6, 159),
('JO', 6, 160),
('LC', 6, 161),
('NF', 6, 162),
('BW', 6, 163),
('KW', 6, 164),
('CX', 6, 165),
('MF', 6, 166),
('MP', 6, 167),
('NG', 6, 168),
('CC', 6, 169),
('PM', 6, 170),
('MH', 6, 171),
('VC', 6, 172),
('PS', 6, 173),
('WS', 6, 174),
('GY', 6, 175),
('FM', 6, 176),
('ST', 6, 177),
('IQ', 6, 178),
('LY', 6, 179),
('NA', 6, 180),
('SC', 6, 181),
('ZM', 6, 182),
('BL', 6, 183),
('TL', 6, 184),
('KE', 6, 185),
('ZW', 6, 186),
('KN', 6, 187),
('MW', 6, 188),
('FR', 6, 189),
('NL', 6, 190),
('BE', 6, 191),
('LU', 6, 192),
('GB', 6, 193),
('SE', 6, 194),
('DK', 6, 195),
('AT', 6, 196),
('FI', 6, 197),
('IE', 6, 198),
('PL', 6, 199),
('CZ', 6, 200),
('SK', 6, 201),
('CY', 6, 202),
('RO', 6, 203),
('HR', 6, 204),
('EE', 6, 205),
('LV', 6, 206),
('LT', 6, 207),
('HU', 6, 208),
('SI', 6, 209),
('BG', 6, 210),
('PT', 10, 211),
('FR', 10, 212),
('MC', 10, 213),
('BE', 10, 214),
('IT', 10, 215),
('GB', 10, 216),
('NL', 10, 217),
('DE', 10, 218),
('LU', 10, 219),
('DK', 10, 220),
('GR', 10, 221),
('SE', 10, 222),
('AT', 10, 223),
('FI', 10, 224),
('IE', 10, 225),
('RO', 10, 226),
('EE', 10, 227),
('SK', 10, 228),
('HU', 10, 229),
('LV', 10, 230),
('BG', 10, 231),
('PL', 10, 232),
('CZ', 10, 233),
('SI', 10, 234),
('HR', 10, 235),
('LT', 10, 236),
('MA', 10, 237),
('SM', 10, 238),
('CH', 10, 239),
('GI', 10, 240),
('LI', 10, 241),
('NO', 10, 242),
('AL', 10, 243),
('UA', 10, 244),
('MK', 10, 245),
('RS', 10, 246),
('IS', 10, 247),
('BA', 10, 248),
('TR', 10, 249),
('ME', 10, 250),
('IL', 10, 251),
('CY', 10, 252),
('MT', 10, 253),
('GG', 10, 254),
('SA', 10, 255),
('JO', 10, 256),
('BY', 10, 257),
('LB', 10, 258),
('EG', 10, 259),
('MD', 10, 260),
('AE', 10, 261),
('SY', 10, 262),
('KW', 10, 263),
('DZ', 10, 264),
('OM', 10, 265),
('US', 10, 266),
('CA', 10, 267),
('PY', 10, 268),
('GT', 10, 269),
('BZ', 10, 270),
('TT', 10, 271),
('AW', 10, 272),
('HN', 10, 273),
('CO', 10, 274),
('NI', 10, 275),
('JM', 10, 276),
('EC', 10, 277),
('PR', 10, 278),
('AG', 10, 279),
('GP', 10, 280),
('BS', 10, 281),
('MQ', 10, 282),
('SV', 10, 283),
('AR', 10, 284),
('CL', 10, 285),
('MX', 10, 286),
('BB', 10, 287),
('UY', 10, 288),
('HT', 10, 289),
('CR', 10, 290),
('PA', 10, 291),
('BM', 10, 292),
('VE', 10, 293),
('KY', 10, 294),
('PE', 10, 295),
('BR', 10, 296),
('MF', 10, 297),
('QA', 10, 298),
('SG', 10, 299),
('BH', 10, 300),
('ID', 10, 301),
('JP', 10, 302),
('MY', 10, 303),
('PW', 10, 304),
('VN', 10, 305),
('GE', 10, 306),
('BD', 10, 307),
('HK', 10, 308),
('TH', 10, 309),
('MO', 10, 310),
('IN', 10, 311),
('CN', 10, 312),
('PH', 10, 313),
('KR', 10, 314),
('TW', 10, 315),
('UG', 10, 316),
('BJ', 10, 317),
('GN', 10, 318),
('CG', 10, 319),
('TZ', 10, 320),
('BW', 10, 321),
('TJ', 10, 322),
('SZ', 10, 323),
('CI', 10, 324),
('CD', 10, 325),
('TG', 10, 326),
('CM', 10, 327),
('SN', 10, 328),
('SL', 10, 329),
('KE', 10, 330),
('AM', 10, 331),
('KG', 10, 332),
('ML', 10, 333),
('PK', 10, 334),
('ET', 10, 335),
('KZ', 10, 336),
('NG', 10, 337),
('GA', 10, 338),
('AZ', 10, 339),
('MU', 10, 340),
('LR', 10, 341),
('NA', 10, 342),
('GH', 10, 343),
('MZ', 10, 344),
('LS', 10, 345),
('ZW', 10, 346),
('ZM', 10, 347),
('UZ', 10, 348),
('ZA', 10, 349),
('JE', 10, 350),
('TN', 10, 351),
('LY', 10, 352),
('YE', 10, 353),
('AI', 10, 354),
('BL', 10, 355),
('VC', 10, 356),
('BO', 10, 357),
('VI', 10, 358),
('LC', 10, 359),
('GY', 10, 360),
('DO', 10, 361),
('GD', 10, 362),
('AU', 10, 363),
('LK', 10, 364),
('NZ', 10, 365),
('BT', 10, 366),
('TL', 10, 367),
('LA', 10, 368),
('WS', 10, 369),
('NU', 10, 370),
('BN', 10, 371),
('PG', 10, 372),
('MV', 10, 373),
('KH', 10, 374),
('GQ', 10, 375),
('CF', 10, 376),
('ST', 10, 377),
('IQ', 10, 378),
('CU', 10, 379),
('IR', 10, 380),
('CV', 10, 381),
('AF', 10, 382),
('SD', 10, 383),
('DJ', 10, 384),
('ER', 10, 385),
('RE', 10, 386),
('SC', 10, 387),
('RW', 10, 388),
('AO', 10, 389),
('MR', 10, 390),
('NE', 10, 391),
('BF', 10, 392),
('BI', 10, 393),
('GM', 10, 394),
('MG', 10, 395),
('GL', 10, 396),
('FO', 10, 397),
('MS', 10, 398),
('DM', 10, 399),
('VU', 10, 400),
('GU', 10, 401),
('MN', 10, 402),
('MP', 10, 403),
('KI', 10, 404),
('FJ', 10, 405),
('NP', 10, 406),
('TO', 10, 407),
('NC', 10, 408),
('TD', 10, 409),
('GW', 10, 410),
('NR', 10, 411),
('AS', 10, 412),
('SB', 10, 413),
('MH', 10, 414),
('SO', 10, 415),
('YT', 10, 416),
('TV', 10, 417),
('FM', 10, 418),
('FR', 11, 419),
('NL', 11, 420),
('LU', 11, 421),
('BE', 11, 422),
('MC', 11, 423),
('IT', 11, 424),
('GB', 11, 425),
('DE', 11, 426),
('DK', 11, 427),
('AT', 11, 428),
('IE', 11, 429),
('FI', 11, 430),
('SE', 11, 431),
('LT', 11, 432),
('HU', 11, 433),
('SI', 11, 434),
('SK', 11, 435),
('BG', 11, 436),
('HR', 11, 437),
('EE', 11, 438),
('LV', 11, 439),
('CZ', 11, 440),
('RO', 11, 441),
('GR', 11, 442),
('PL', 11, 443),
('LI', 11, 444),
('NO', 11, 445),
('SM', 11, 446),
('AD', 11, 447),
('GG', 11, 448),
('JE', 11, 449),
('CH', 11, 450),
('GI', 11, 451),
('TR', 11, 452),
('BA', 11, 453),
('IS', 11, 454),
('RS', 11, 455),
('ME', 11, 456),
('FO', 11, 457),
('UA', 11, 458),
('MK', 11, 459),
('AL', 11, 460),
('GL', 11, 461),
('BO', 11, 462),
('IL', 11, 463),
('PS', 11, 464),
('MA', 11, 465),
('DO', 11, 466),
('LY', 11, 467),
('GQ', 11, 468),
('NZ', 11, 469),
('TD', 11, 470),
('AF', 11, 471),
('MN', 11, 472),
('AU', 11, 473),
('IQ', 11, 474),
('GM', 11, 475),
('CF', 11, 476),
('AO', 11, 477),
('VU', 11, 478),
('FM', 11, 479),
('SB', 11, 480),
('TC', 11, 481),
('TO', 11, 482),
('CV', 11, 483),
('ER', 11, 484),
('TN', 11, 485),
('GF', 11, 486),
('TL', 11, 487),
('YT', 11, 488),
('GY', 11, 489),
('YE', 11, 490),
('LC', 11, 491),
('MM', 11, 492),
('KM', 11, 493),
('PG', 11, 494),
('BN', 11, 495),
('GU', 11, 496),
('VI', 11, 497),
('NE', 11, 498),
('MV', 11, 499),
('DJ', 11, 500),
('AI', 11, 501),
('VC', 11, 502),
('AS', 11, 503),
('BT', 11, 504),
('TV', 11, 505),
('MG', 11, 506),
('SC', 11, 507),
('RW', 11, 508),
('TM', 11, 509),
('KI', 11, 510),
('MP', 11, 511),
('PF', 11, 512),
('DM', 11, 513),
('MS', 11, 514),
('WS', 11, 515),
('BI', 11, 516),
('GD', 11, 517),
('RE', 11, 518),
('LA', 11, 519),
('BL', 11, 520),
('BF', 11, 521),
('MR', 11, 522),
('GW', 11, 523),
('LK', 11, 524),
('WF', 11, 525),
('KH', 11, 526),
('SR', 11, 527),
('MH', 11, 528),
('VG', 11, 529),
('MW', 11, 530),
('CK', 11, 531),
('FJ', 11, 532),
('NC', 11, 533),
('NP', 11, 534),
('PT', 11, 535),
('RU', 11, 536),
('MT', 11, 537),
('CY', 11, 538),
('BY', 11, 539),
('MD', 11, 540),
('CA', 11, 541),
('US', 11, 542),
('PR', 11, 543),
('GT', 11, 544),
('HK', 11, 545),
('CR', 11, 546),
('SV', 11, 547),
('UY', 11, 548),
('PE', 11, 549),
('CL', 11, 550),
('EC', 11, 551),
('TW', 11, 552),
('PA', 11, 553),
('BZ', 11, 554),
('SG', 11, 555),
('DZ', 11, 556),
('HT', 11, 557),
('VE', 11, 558),
('CO', 11, 559),
('EG', 11, 560),
('TH', 11, 561),
('PY', 11, 562),
('BR', 11, 563),
('NI', 11, 564),
('AR', 11, 565),
('HN', 11, 566),
('MX', 11, 567),
('CN', 11, 568),
('ID', 11, 569),
('AE', 11, 570),
('GN', 11, 571),
('PK', 11, 572),
('PH', 11, 573),
('JP', 11, 574),
('BH', 11, 575),
('KW', 11, 576),
('LB', 11, 577),
('ZA', 11, 578),
('IN', 11, 579),
('SA', 11, 580),
('QA', 11, 581),
('OM', 11, 582),
('KR', 11, 583),
('JO', 11, 584),
('MY', 11, 585),
('BM', 11, 586),
('TG', 11, 587),
('CG', 11, 588),
('MZ', 11, 589),
('KZ', 11, 590),
('ZW', 11, 591),
('AM', 11, 592),
('MO', 11, 593),
('SN', 11, 594),
('GP', 11, 595),
('LS', 11, 596),
('UZ', 11, 597),
('TZ', 11, 598),
('GH', 11, 599),
('CM', 11, 600),
('BB', 11, 601),
('SZ', 11, 602),
('MQ', 11, 603),
('GA', 11, 604),
('CI', 11, 605),
('BS', 11, 606),
('VN', 11, 607),
('KY', 11, 608),
('ET', 11, 609),
('NA', 11, 610),
('KE', 11, 611),
('AW', 11, 612),
('BJ', 11, 613),
('NG', 11, 614),
('CD', 11, 615),
('JM', 11, 616),
('ZM', 11, 617),
('LR', 11, 618),
('TT', 11, 619),
('TJ', 11, 620),
('MU', 11, 621),
('GE', 11, 622),
('PW', 11, 623),
('BD', 11, 624),
('ML', 11, 625),
('AG', 11, 626),
('BW', 11, 627),
('UG', 11, 628),
('AZ', 11, 629),
('SL', 11, 630),
('KG', 11, 631),
('GB', 12, 632),
('DE', 12, 633),
('FR', 12, 634),
('AT', 12, 635),
('BE', 12, 636),
('CH', 12, 637),
('CZ', 12, 638),
('IE', 12, 639),
('LT', 12, 640),
('LU', 12, 641),
('LV', 12, 642),
('NL', 12, 643),
('EE', 12, 644),
('IT', 12, 645),
('PL', 12, 646),
('DK', 12, 647),
('HU', 12, 648),
('SK', 12, 649),
('HR', 12, 650),
('FI', 12, 651),
('RO', 12, 652),
('BG', 12, 653),
('NO', 12, 654),
('SE', 12, 655),
('SI', 12, 656),
('GR', 12, 657),
('BA', 12, 658),
('RS', 12, 659),
('ES', 12, 660),
('PT', 12, 661),
('DE', 13, 662),
('GB', 13, 663),
('FR', 13, 664),
('IT', 13, 665),
('NL', 13, 666),
('IE', 13, 667),
('BE', 13, 668),
('SE', 13, 669),
('US', 13, 670),
('AT', 13, 671),
('DK', 13, 672),
('GR', 13, 673),
('LU', 13, 674),
('PT', 13, 675),
('NO', 13, 676),
('CH', 13, 677),
('CY', 13, 678),
('HR', 13, 679),
('SK', 13, 680),
('SI', 13, 681),
('EE', 13, 682),
('RU', 13, 683),
('FI', 13, 684),
('HU', 13, 685),
('IS', 13, 686),
('LV', 13, 687),
('LT', 13, 688),
('PL', 13, 689),
('MT', 13, 690),
('RS', 13, 691),
('TR', 13, 692),
('AU', 13, 693),
('BR', 13, 694),
('CA', 13, 695),
('MX', 13, 696),
('DO', 13, 697),
('JP', 13, 698),
('CZ', 13, 699),
('GB', 14, 700),
('DE', 14, 701),
('FR', 14, 702),
('AT', 14, 703),
('BE', 14, 704),
('CH', 14, 705),
('CZ', 14, 706),
('IE', 14, 707),
('LT', 14, 708),
('LU', 14, 709),
('LV', 14, 710),
('NL', 14, 711),
('EE', 14, 712),
('IT', 14, 713),
('PL', 14, 714),
('DK', 14, 715),
('HU', 14, 716),
('SK', 14, 717),
('HR', 14, 718),
('FI', 14, 719),
('RO', 14, 720),
('BG', 14, 721),
('NO', 14, 722),
('SE', 14, 723),
('SI', 14, 724),
('GR', 14, 725),
('BA', 14, 726),
('RS', 14, 727),
('ES', 14, 728),
('PT', 14, 729),
('GB', 18, 730),
('DE', 18, 731),
('FR', 18, 732),
('AT', 18, 733),
('BE', 18, 734),
('CH', 18, 735),
('CZ', 18, 736),
('IE', 18, 737),
('LT', 18, 738),
('LU', 18, 739),
('LV', 18, 740),
('NL', 18, 741),
('EE', 18, 742),
('IT', 18, 743),
('PL', 18, 744),
('DK', 18, 745),
('HU', 18, 746),
('SK', 18, 747),
('HR', 18, 748),
('FI', 18, 749),
('RO', 18, 750),
('BG', 18, 751),
('NO', 18, 752),
('SE', 18, 753),
('SI', 18, 754),
('GR', 18, 755),
('BA', 18, 756),
('RS', 18, 757),
('ES', 18, 758),
('PT', 18, 759),
('IE', 26, 760),
('AU', 26, 761),
('AT', 26, 762),
('BE', 26, 763),
('NL', 26, 764),
('LU', 26, 765),
('CA', 26, 766),
('CZ', 26, 767),
('BR', 26, 768),
('MX', 26, 769),
('PT', 26, 770),
('CY', 26, 771),
('DE', 26, 772),
('EE', 26, 773),
('GR', 26, 774),
('HR', 26, 775),
('JP', 26, 776),
('FR', 26, 777),
('LV', 26, 778),
('LT', 26, 779),
('HU', 26, 780),
('MT', 26, 781),
('PL', 26, 782),
('SI', 26, 783),
('IT', 26, 784),
('NO', 26, 785),
('FI', 26, 786),
('DK', 26, 787),
('SE', 26, 788),
('IS', 26, 789),
('TR', 26, 790),
('GB', 26, 791),
('RU', 26, 792),
('CH', 26, 793),
('US', 26, 794),
('UA', 26, 795),
('BY', 26, 796),
('AL', 26, 797),
('MC', 26, 798),
('MD', 26, 799),
('RO', 26, 800),
('BG', 26, 801),
('BA', 26, 802),
('IL', 26, 803),
('TW', 26, 804),
('KZ', 26, 805),
('SA', 26, 806),
('SG', 26, 807),
('KR', 26, 808),
('NZ', 26, 809),
('HK', 26, 810),
('IN', 26, 811),
('MY', 26, 812),
('TH', 26, 813),
('AE', 26, 814),
('PR', 26, 815),
('CN', 26, 816),
('ID', 26, 817),
('GP', 26, 818),
('NC', 26, 819),
('MQ', 26, 820),
('ZA', 26, 821),
('AR', 26, 822),
('CL', 26, 823),
('CO', 26, 824),
('PE', 26, 825),
('ES', 26, 826),
('DE', 29, 827),
('AT', 29, 828),
('BE', 29, 829),
('BG', 29, 830),
('DA', 29, 831),
('ES', 29, 832),
('EE', 29, 833),
('FI', 29, 834),
('HU', 29, 835),
('IE', 29, 836),
('IT', 29, 837),
('LV', 29, 838),
('LT', 29, 839),
('LU', 29, 840),
('NL', 29, 841),
('PL', 29, 842),
('PT', 29, 843),
('CZ', 29, 844),
('RO', 29, 845),
('SK', 29, 846),
('SI', 29, 847),
('SE', 29, 848),
('GR', 29, 849),
('MC', 29, 850),
('HR', 29, 851),
('FR', 29, 852);

-- --------------------------------------------------------

--
-- Structure de la table `shipping_services`
--

DROP TABLE IF EXISTS `shipping_services`;
CREATE TABLE IF NOT EXISTS `shipping_services` (
  `id` bigint(20) NOT NULL,
  `delay` varchar(255) DEFAULT NULL,
  `name` varchar(255) DEFAULT NULL,
  `carriers_id` bigint(20) DEFAULT NULL,
  PRIMARY KEY (`id`),
  KEY `FKlxu1ufcbhn9yjk4eyu0a6dus4` (`carriers_id`)
) ENGINE=InnoDB DEFAULT CHARSET=utf8;

--
-- Déchargement des données de la table `shipping_services`
--

INSERT INTO `shipping_services` (`id`, `delay`, `name`, `carriers_id`) VALUES
(43, '1-2 days', 'Chrono', 1),
(44, 'Sea service: 2-7 days', 'Chrono', 1),
(45, '1-3 days', 'Correos', 2),
(46, '2-3 days', 'Correos', 2),
(47, '3-5 days', 'Correos', 2),
(48, '1-2 days', 'GLS', 3),
(49, '3-4 days', 'GLS', 3),
(50, '2-5 days', 'GLS', 3),
(51, '2-7 days', 'GLS', 3),
(54, '1-2 days', 'SEUR', 4),
(56, '2-3 days', 'TNT', 6),
(60, '2-3 days', 'SEUR', 4),
(61, '3-4 days', 'SEUR', 4),
(62, '4-5 days', 'SEUR', 4),
(63, '4-6 days', 'SEUR', 4),
(64, '5-6 days', 'SEUR', 4),
(65, '6-10 days', 'SEUR', 4),
(66, '3-4 days', 'TNT', 6),
(67, '6-8 days', 'TNT', 6),
(68, '4-6 days', 'TNT', 6),
(69, '5-6 days', 'TNT', 6),
(70, '6-10 days', 'TNT', 6),
(71, 'Sea service: 2-7 days', 'Chrono', 1),
(72, 'Sea service: 2-7 days', 'Chrono', 1),
(73, '1-2 days', 'Chrono', 1),
(74, '24 h', 'DHL', 10),
(75, '48 h', 'DHL', 10),
(76, '3-4 days', 'DHL', 10),
(77, '4-5 days', 'DHL', 10),
(78, '5-6 days', 'DHL', 10),
(79, '6-7 days', 'DHL', 10),
(80, '2-3 days', 'UPS', 11),
(81, '4-5 days', 'UPS', 11),
(82, '24 h', 'UPS_AEREO', 11),
(83, '2-3 days', 'DACHSER', 12),
(84, '2-4 days', 'DACHSER', 12),
(85, '3-4 days', 'DACHSER', 12),
(86, '3-5 days', 'DACHSER', 12),
(87, '4-5 days', 'DACHSER', 12),
(88, '5-10 days', 'DACHSER', 12),
(89, '5-7 days', 'DACHSER', 12),
(90, '6-7 days', 'DACHSER', 12),
(91, '6-9 days', 'DACHSER', 12),
(92, '7-8 days', 'DACHSER', 12),
(93, '8-10 days', 'DACHSER', 12),
(97, '1-2 days', 'Chrono', 1),
(98, '1-2 days', 'DACHSER', 12),
(99, '2-3 days', 'Pallet Delivery', 14),
(100, '2-4 days', 'Pallet Delivery', 14),
(101, '3-4 days', 'Pallet Delivery', 14),
(102, '3-5 days', 'Pallet Delivery', 14),
(103, '4-5 days', 'Pallet Delivery', 14),
(104, '5-10 days', 'Pallet Delivery', 14),
(105, '5-7 days', 'Pallet Delivery', 14),
(106, '6-7 days', 'Pallet Delivery', 14),
(107, '6-9 days', 'Pallet Delivery', 14),
(108, '7-8 days', 'Pallet Delivery', 14),
(109, '3-5 days', 'DeutschePost', 13),
(115, '48 h', 'UPS_AEREO', 11),
(116, '2-3 days', 'SEUR', 4),
(117, '3-5 days', 'SEUR', 4),
(128, '8-10 days', 'Pallet Delivery', 14),
(129, '1-2 days', 'Pallet Delivery', 14),
(169, '5-6 days', 'GLS', 3),
(170, '6-7 days', 'GLS', 3),
(171, '4-5 days', 'GLS', 3),
(174, '5-7 days', 'GLS', 3),
(179, '4-7 days', 'GLS', 3),
(180, '4-6 days', 'GLS', 3),
(181, '2 days', 'TNT', 6),
(182, '3 days', 'TNT', 6),
(183, '4 days', 'TNT', 6),
(184, '5 days', 'TNT', 6),
(185, '2-3 days', 'DHL FREIGHT', 18),
(186, '2-4 days', 'DHL FREIGHT', 18),
(187, '3-4 days', 'DHL FREIGHT', 18),
(188, '3-5 days', 'DHL FREIGHT', 18),
(189, '4-5 days', 'DHL FREIGHT', 18),
(190, '5-10 days', 'DHL FREIGHT', 18),
(191, '5-7 days', 'DHL FREIGHT', 18),
(192, '6-7 days', 'DHL FREIGHT', 18),
(193, '6-9 days', 'DHL FREIGHT', 18),
(194, '7-8 days', 'DHL FREIGHT', 18),
(195, '8-10 days', 'DHL FREIGHT', 18),
(196, '1-2 days', 'DHL FREIGHT', 18),
(197, '3-9 days', 'AustrianPost', 13),
(198, '3-6 days', 'BelgianPost', 13),
(199, '3-8 days', 'PostNordDk', 13),
(200, '3-10 days', 'Posti', 13),
(201, '3-7 days', 'LaPoste', 13),
(202, '3-9 days', 'HellenicPost', 13),
(203, '3-10 days', 'AnPost', 13),
(204, '3-8 days', 'PosteItaliane', 13),
(205, '3-9 days', 'Posten', 13),
(206, '3-9 days', 'PostNL', 13),
(207, '3-10 days', 'cttCorreios', 13),
(208, '3-7 days', 'RoyalMail', 13),
(209, '3-11 days', 'PostNordSe', 13),
(210, '3-8 days', 'SwissPost', 13),
(211, '3-7 days', 'PostaSlovenije', 13),
(212, '3-11 days', 'Postur', 13),
(213, '3-9 days', 'LatvijasPasts', 13),
(214, '3-9 days', 'CeskaPosta', 13),
(215, '3-13 days', 'PTT', 13),
(216, '5-7 days', 'AnPost', 26),
(217, '9-11 days', 'AustralianPost', 26),
(218, '6-8 days', 'AustrianPost', 26),
(219, '4-6 days', 'PostNL', 26),
(220, '7-9 days', 'CanadaPost', 26),
(221, '7-9 days', 'CeskaPosta', 26),
(222, '17-19 days', 'Correios', 26),
(223, '19-21 days', 'CorreosDeMexico', 26),
(224, '4-5 days', 'cttCorreios', 26),
(225, '8-10 days', 'CyprusPost', 26),
(226, '3-4 days', 'Hermes', 26),
(227, '6-7 days', 'EestiPost', 26),
(228, '7-9 days', 'HellenicPost', 26),
(229, '6-8 days', 'HrvatskaPosta', 26),
(230, '7-9 days', 'JapanPost', 26),
(231, '5-6 days', 'ColisPrive', 26),
(232, '7-9 days', 'LatvijasPasts', 26),
(233, '7-9 days', 'LietuvosPastas', 26),
(234, '7-9 days', 'MagyarPosta', 26),
(235, '6-8 days', 'MaltaPost', 26),
(236, '7-9 days', 'PocztaPolska', 26),
(237, '6-8 days', 'PostaSlovenije', 26),
(238, '6-7 days', 'PosteItaliane', 26),
(239, '7-9 days', 'Posten', 26),
(240, '5-7 days', 'Posti', 26),
(241, '7-9 days', 'PostNordDk', 26),
(242, '6-8 days', 'PostNordSe', 26),
(243, '8-9 days', 'Postur', 26),
(244, '9-11 days', 'PTT', 26),
(245, '3-5 days', 'RoyalMail', 26),
(246, '9-11 days', 'RussianPost', 26),
(247, '5-7 days', 'SwissPost', 26),
(248, '9-11 days', 'USPS', 26),
(249, '10-12 days', 'PostalService', 26),
(250, '6-10 days', 'PostalService', 26),
(251, '10-14 days', 'PostalService', 26),
(252, '7-10 days', 'PostalService', 26),
(253, '14-16 days', 'PostalService', 26),
(254, '18-23 days', 'PostalService', 26),
(255, '13-17 days', 'PostalService', 26),
(256, '1-2 days', 'Sending', 26),
(257, '8-10 days', 'Sending', 26),
(258, '8-10 days', 'Sending', 26),
(268, '4-6 days', 'GLS', 3);

-- --------------------------------------------------------

--
-- Structure de la table `shopping_cart`
--

DROP TABLE IF EXISTS `shopping_cart`;
CREATE TABLE IF NOT EXISTS `shopping_cart` (
  `id` bigint(20) NOT NULL AUTO_INCREMENT,
  `client_id` bigint(20) DEFAULT NULL,
  PRIMARY KEY (`id`),
  KEY `FKlegqpf0apoematndm58vxssri` (`client_id`)
) ENGINE=InnoDB AUTO_INCREMENT=2 DEFAULT CHARSET=utf8;

--
-- Déchargement des données de la table `shopping_cart`
--

INSERT INTO `shopping_cart` (`id`, `client_id`) VALUES
(1, 7);

-- --------------------------------------------------------

--
-- Structure de la table `stocks`
--

DROP TABLE IF EXISTS `stocks`;
CREATE TABLE IF NOT EXISTS `stocks` (
  `id` bigint(20) NOT NULL,
  `max_handling_days` bigint(20) NOT NULL,
  `min_handling_days` bigint(20) NOT NULL,
  `quantity` bigint(20) NOT NULL,
  `product_id` bigint(20) DEFAULT NULL,
  PRIMARY KEY (`id`),
  KEY `FKiegtaudek6ogkocl0xmk60s58` (`product_id`)
) ENGINE=InnoDB DEFAULT CHARSET=utf8;

--
-- Déchargement des données de la table `stocks`
--

INSERT INTO `stocks` (`id`, `max_handling_days`, `min_handling_days`, `quantity`, `product_id`) VALUES
(381930, 2, 1, 12, 381930),
(381936, 2, 1, 12, 381936),
(381938, 2, 1, 12, 381938),
(381939, 2, 1, 12, 381939);

-- --------------------------------------------------------

--
-- Structure de la table `tags`
--

DROP TABLE IF EXISTS `tags`;
CREATE TABLE IF NOT EXISTS `tags` (
  `id` bigint(20) NOT NULL,
  `sku` varchar(255) DEFAULT NULL,
  `tag` varchar(255) DEFAULT NULL,
  `product_id` bigint(20) DEFAULT NULL,
  PRIMARY KEY (`id`),
  KEY `FKl80kbyuf1l4u0lnku21luamyw` (`product_id`)
) ENGINE=InnoDB DEFAULT CHARSET=utf8;

--
-- Déchargement des données de la table `tags`
--

INSERT INTO `tags` (`id`, `sku`, `tag`, `product_id`) VALUES
(1, 'null', 'null', NULL),
(3, 'null', 'null', NULL),
(4, 'null', 'null', NULL),
(5, 'null', 'null', NULL),
(7, 'null', 'null', NULL),
(8, 'null', 'null', NULL),
(9, 'null', 'null', NULL),
(10, 'null', 'null', NULL),
(11, 'null', 'null', NULL),
(12, 'null', 'null', NULL),
(13, 'null', 'null', NULL),
(15, 'null', 'null', NULL),
(16, 'null', 'null', NULL),
(17, 'null', 'null', NULL),
(18, 'null', 'null', NULL),
(19, 'null', 'null', NULL),
(20, 'null', 'null', NULL),
(26, 'null', 'null', NULL),
(27, 'null', 'null', NULL),
(29, 'null', 'null', NULL),
(30, 'null', 'null', NULL),
(31, 'null', 'null', NULL),
(32, 'null', 'null', NULL),
(33, 'null', 'null', NULL),
(34, 'null', 'null', NULL),
(35, 'null', 'null', NULL),
(36, 'null', 'null', NULL),
(37, 'null', 'null', NULL),
(38, 'null', 'null', NULL),
(39, 'null', 'null', NULL),
(40, 'null', 'null', NULL),
(41, 'null', 'null', NULL),
(42, 'null', 'null', NULL),
(43, 'null', 'null', NULL),
(44, 'null', 'null', NULL),
(45, 'null', 'null', NULL),
(46, 'null', 'null', NULL),
(47, 'null', 'null', NULL),
(48, 'null', 'null', NULL),
(49, 'null', 'null', NULL),
(50, 'null', 'null', NULL),
(51, 'null', 'null', NULL),
(52, 'null', 'null', NULL),
(53, 'null', 'null', NULL),
(54, 'null', 'null', NULL),
(55, 'null', 'null', NULL),
(56, 'null', 'null', NULL),
(57, 'null', 'null', NULL),
(58, 'null', 'null', NULL),
(59, 'null', 'null', NULL),
(60, 'null', 'null', NULL),
(61, 'null', 'null', NULL),
(62, 'null', 'null', NULL),
(63, 'null', 'null', NULL),
(64, 'null', 'null', NULL),
(65, 'null', 'null', NULL),
(66, 'null', 'null', NULL),
(67, 'null', 'null', NULL),
(68, 'null', 'null', NULL),
(69, 'null', 'null', NULL),
(70, 'null', 'null', NULL),
(71, 'null', 'null', NULL),
(73, 'null', 'null', NULL),
(74, 'null', 'null', NULL),
(75, 'null', 'null', NULL),
(76, 'null', 'null', NULL),
(77, 'null', 'null', NULL),
(78, 'null', 'null', NULL),
(79, 'null', 'null', NULL),
(82, 'null', 'null', NULL),
(83, 'null', 'null', NULL),
(84, 'null', 'null', NULL),
(85, 'null', 'null', NULL),
(86, 'null', 'null', NULL),
(87, 'null', 'null', NULL),
(88, 'null', 'null', NULL),
(89, 'null', 'null', NULL),
(91, 'null', 'null', NULL),
(92, 'null', 'null', NULL),
(93, 'null', 'null', NULL),
(94, 'null', 'null', NULL),
(95, 'null', 'null', NULL),
(97, 'null', 'null', NULL),
(98, 'null', 'null', NULL),
(99, 'null', 'null', NULL),
(100, 'null', 'null', NULL),
(101, 'null', 'null', NULL),
(103, 'null', 'null', NULL),
(104, 'null', 'null', NULL),
(190, 'null', 'null', NULL);

-- --------------------------------------------------------

--
-- Structure de la table `tax`
--

DROP TABLE IF EXISTS `tax`;
CREATE TABLE IF NOT EXISTS `tax` (
  `id` bigint(20) NOT NULL,
  `country` varchar(255) DEFAULT NULL,
  `rate` float NOT NULL,
  PRIMARY KEY (`id`)
) ENGINE=InnoDB DEFAULT CHARSET=utf8;

--
-- Contraintes pour les tables déchargées
--

--
-- Contraintes pour la table `attributes`
--
ALTER TABLE `attributes`
  ADD CONSTRAINT `FKgff569pnkqu8xxhcwcrknurx2` FOREIGN KEY (`product_id`) REFERENCES `product` (`id`),
  ADD CONSTRAINT `FKl7032i7r922q6143cwcudyuri` FOREIGN KEY (`attribute_group_id`) REFERENCES `attribute_group` (`id`);

--
-- Contraintes pour la table `carriers`
--
ALTER TABLE `carriers`
  ADD CONSTRAINT `FK3c1gnen1wu42nj0560nki1rcc` FOREIGN KEY (`orders_id`) REFERENCES `orders` (`id`);

--
-- Contraintes pour la table `images`
--
ALTER TABLE `images`
  ADD CONSTRAINT `FK8sfun6tj1hqb85ed52o8mkqyh` FOREIGN KEY (`product_id`) REFERENCES `product` (`id`);

--
-- Contraintes pour la table `notification`
--
ALTER TABLE `notification`
  ADD CONSTRAINT `FK3d4p07vo663yhu41hhh44cwlf` FOREIGN KEY (`orders_id`) REFERENCES `orders` (`id`),
  ADD CONSTRAINT `FK858apfribgisso7wslgvebtxy` FOREIGN KEY (`employee_id`) REFERENCES `employee` (`id`);

--
-- Contraintes pour la table `orders`
--
ALTER TABLE `orders`
  ADD CONSTRAINT `FK17yo6gry2nuwg2erwhbaxqbs9` FOREIGN KEY (`client_id`) REFERENCES `client` (`id`);

--
-- Contraintes pour la table `product`
--
ALTER TABLE `product`
  ADD CONSTRAINT `FK1mtsbur82frn64de7balymq9s` FOREIGN KEY (`category_id`) REFERENCES `category` (`id`),
  ADD CONSTRAINT `FKdyj22ipyymjdxqxa6t95nlor8` FOREIGN KEY (`orders_id`) REFERENCES `orders` (`id`),
  ADD CONSTRAINT `FKl7dpyhchyarwex6fkqlyu7p28` FOREIGN KEY (`shopping_cart_id`) REFERENCES `shopping_cart` (`id`);

--
-- Contraintes pour la table `promotion`
--
ALTER TABLE `promotion`
  ADD CONSTRAINT `FKiapjua98u0ltg8nuw9s84iyme` FOREIGN KEY (`product_id`) REFERENCES `product` (`id`),
  ADD CONSTRAINT `FKo3xqgptgqkhtwmfejsdnvgcq3` FOREIGN KEY (`employee_id`) REFERENCES `employee` (`id`);

--
-- Contraintes pour la table `reclamation`
--
ALTER TABLE `reclamation`
  ADD CONSTRAINT `FKikmdq7b43g8ytjogg0bsxtu2n` FOREIGN KEY (`client_id`) REFERENCES `client` (`id`);

--
-- Contraintes pour la table `review`
--
ALTER TABLE `review`
  ADD CONSTRAINT `FKhr2oxqr7hu3upmi4hvg9g0ghp` FOREIGN KEY (`client_id`) REFERENCES `client` (`id`),
  ADD CONSTRAINT `FKiyof1sindb9qiqr9o8npj8klt` FOREIGN KEY (`product_id`) REFERENCES `product` (`id`);

--
-- Contraintes pour la table `shipping_countries`
--
ALTER TABLE `shipping_countries`
  ADD CONSTRAINT `FKcor9peryyaqgt9xl37vxyqf9` FOREIGN KEY (`carriers_id`) REFERENCES `carriers` (`id`);

--
-- Contraintes pour la table `shipping_services`
--
ALTER TABLE `shipping_services`
  ADD CONSTRAINT `FKlxu1ufcbhn9yjk4eyu0a6dus4` FOREIGN KEY (`carriers_id`) REFERENCES `carriers` (`id`);

--
-- Contraintes pour la table `shopping_cart`
--
ALTER TABLE `shopping_cart`
  ADD CONSTRAINT `FKlegqpf0apoematndm58vxssri` FOREIGN KEY (`client_id`) REFERENCES `client` (`id`);

--
-- Contraintes pour la table `stocks`
--
ALTER TABLE `stocks`
  ADD CONSTRAINT `FKiegtaudek6ogkocl0xmk60s58` FOREIGN KEY (`product_id`) REFERENCES `product` (`id`);

--
-- Contraintes pour la table `tags`
--
ALTER TABLE `tags`
  ADD CONSTRAINT `FKl80kbyuf1l4u0lnku21luamyw` FOREIGN KEY (`product_id`) REFERENCES `product` (`id`);
COMMIT;

/*!40101 SET CHARACTER_SET_CLIENT=@OLD_CHARACTER_SET_CLIENT */;
/*!40101 SET CHARACTER_SET_RESULTS=@OLD_CHARACTER_SET_RESULTS */;
/*!40101 SET COLLATION_CONNECTION=@OLD_COLLATION_CONNECTION */;
